"","arrests_B","arrests_W","arrests_total","eTot","eWht","eBlk","age1824.perc","age.med","male","single","poverty","black","secperctot","secpercvac","educHSless","educBachPlus","id","id2","census_tract_code","police.dept","jails","courthouse","id3","year","res","res1","res2"
"1",965,693,1658,107.8278739,18.0581294,239.6541693,12.1,30.5,53.2,52.3,52.2,67.1106882,0,0,60.3,12.5,1,1,10100,0,0,0,1,2010,0.295991212129593,-0.344683885574341,0.50122082233429
"2",854,754,1614,94.02449263,13.71060172,223.1253844,11.2,36.2,52.7,42.7,44.4,71.6624227,0,0,61.8,9.7,1,45,10100,0,0,0,2,2011,1.05964195728302,0.344986826181412,1.41730356216431
"3",839,772,1617,98.39784114,12.35609561,256.2961649,10.6,32.7,52.2,42.9,47.6,78.6583246,1.341281669,9.278350515,66.2,8.8,1,89,10100,0,0,0,3,2012,0.616738617420197,-0.222154155373573,1.1194075345993
"4",752,701,1454,84.21862527,13.99461107,203.3134848,13.2,30.8,56.1,48.6,50.1,72.9082047,1.625386997,8.713692946,60,11.7,1,133,10100,0,0,0,4,2013,0.832267165184021,-0.0642669498920441,1.16342306137085
"5",629,539,1169,75.67692896,12.46532998,184.2940611,15,31.1,58.6,49.8,38.7,73.5533454,2.397525135,8.611111111,55.9,18.2,1,177,10100,0,0,0,5,2014,1.79978013038635,1.00088012218475,1.95542919635773
"6",571,574,1153,73.93442291,18.56060747,144.7834727,10,33.3,56.9,46.3,29.2,59.1392874,2.410575428,8.031088083,41.5,29.5,1,221,10100,0,0,0,6,2015,2.5644371509552,2.07242822647095,2.62010025978088
"7",696,615,1315,76.80443287,19.36894177,142.6324665,12.2,30.6,52.2,50.2,36.7,56.0801782,2.594339623,8.707124011,41.4,28.2,1,265,10100,0,0,0,7,2016,1.73906409740448,1.46523153781891,1.85729360580444
"8",657,554,1215,77.00943358,19.89326671,138.7832974,11.6,32.8,46.6,58.3,39.1,54.4202577,1.293759513,4.187192118,32.7,34.1,1,309,10100,0,0,0,8,2017,0.725677013397217,0.658066868782043,0.954571962356567
"9",437,477,920,77.55610214,20.701601,133.9152307,12.2,33.9,42.9,53.7,38.2,52.1393913,1.351351351,4.347826087,30.9,35.9,1,353,10100,0,0,0,9,2018,0.239580497145653,0.230544120073318,0.664362967014313
"10",177,147,325,112.5087234,30.37976563,214.860992,10.9,38.7,46.5,32.7,21.7,57.6595745,3.165298945,19.01408451,42.8,27.6,2,2,10200,0,0,0,10,2010,0.923484921455383,1.02764451503754,1.12317657470703
"11",272,118,390,117.6337412,35.25161826,205.5777019,10.3,38.4,44.5,35.4,25.2,52.7616279,1.971014493,13.70967742,38.7,30.5,2,46,10200,0,0,0,11,2011,0.518885552883148,0.961230218410492,0.322906047105789
"12",221,88,309,120.7087519,35.01130266,216.1063114,9.5,38,46.2,41.7,34,54.0509915,4.266510812,27.13754647,36.4,30.1,2,90,10200,0,0,0,12,2012,-0.265320330858231,0.0672315582633018,-0.49954429268837
"13",181,135,316,122.6562587,34.83652767,222.8989627,10,40.9,43.3,43.6,31.8,54.8647895,4.662004662,27.30375427,39.9,29.5,2,134,10200,0,0,0,13,2013,-0.252673029899597,-0.0159218460321426,-0.000275355065241456
"14",212,125,337,126.4829386,36.75905248,208.8608167,11.2,39.2,47.8,47.9,31.9,49.8513112,3.486997636,22.95719844,43.7,29.3,2,178,10200,0,0,0,14,2014,0.185296192765236,0.411644220352173,0.100418522953987
"15",163,88,252,126.6196058,36.75905248,211.3514555,12.3,39.3,47.3,49.6,32,50.3915744,3.521126761,24.69135802,40.2,32.3,2,222,10200,0,0,0,15,2015,-0.270703047513962,0.00300251855514944,-0.4024418592453
"16",212,148,361,124.6037654,43.59712365,162.8972095,7.6,42.1,45,46.1,24.3,39.4621295,4.352872896,33.632287,42.6,34.9,2,266,10200,0,0,0,16,2016,0.916411697864532,1.43365037441254,0.851813554763794
"17",167,131,298,123.2029272,43.68451114,150.7836481,5.1,40.5,46.9,45.1,21.7,36.9414377,1.409277745,9.338521401,41.9,34.5,2,310,10200,0,0,0,17,2017,0.9730623960495,1.36794376373291,0.880408644676208
"18",203,120,324,119.7862487,42.87617685,150.5572263,6.7,41.3,49.1,45.2,23.6,37.9389095,0.98265896,7.981220657,36.4,34.4,2,354,10200,0,0,0,18,2018,1.02611815929413,1.41507029533386,0.714399695396423
"19",253,103,358,174.4872719,51.3309166,296.9388619,22.1,25.1,40.3,47.7,35.9,51.3714734,3.756058158,22.24880383,48,22.2,3,3,10300,0,0,0,19,2010,-0.791243970394135,-0.195458188652992,-0.90258651971817
"20",375,156,535,172.3005976,48.14127318,305.6560977,19.2,31.1,41.6,48.1,32,53.5515873,4.450796243,24.38478747,45.8,21.1,3,47,10300,0,0,0,20,2011,0.114895530045033,0.66126275062561,0.000916064367629588
"21",391,196,587,164.8180717,49.1680762,274.8627452,20.3,31.5,42.2,50.9,32.5,50.3422526,3.125,14.95145631,44,19.4,3,91,10300,0,0,0,21,2012,0.300208002328873,0.794475674629211,0.262451618909836
"22",470,140,612,185.2498092,48.25050754,345.3931079,17.6,31.1,45.8,51.2,27.5,56.2834471,0,0,37.2,25.6,3,135,10300,0,0,0,22,2013,0.333627253770828,0.730672538280487,-0.145987302064896
"23",346,115,461,166.9022456,47.61694823,296.7124402,12.9,33.1,44,46.9,25,53.6665301,0,0,33.2,29.2,3,179,10300,0,0,0,23,2014,0.183486118912697,0.675008535385132,-0.193047285079956
"24",325,150,477,176.4347786,52.48880086,302.2597721,15,33.2,44.1,50.7,29.4,51.714784,0.740163615,3.846153846,36.4,26.2,3,223,10300,0,0,0,24,2015,-0.0153168439865112,0.379784107208252,-0.165474206209183
"25",397,131,536,194.9531762,61.53340618,315.5054421,16,32.1,41.6,51.5,33.4,48.8514817,0.699844479,4.812834225,34.8,28.7,3,267,10300,0,0,0,25,2016,-0.576054334640503,0.00434394041076303,-0.930160343647003
"26",321,129,454,192.6298348,56.66155355,335.4305526,17.4,33.2,42.2,50.1,36.4,52.5643301,2.656911821,28.27868852,42.9,29.5,3,311,10300,0,0,0,26,2017,-0.936181604862213,-0.466913878917694,-1.09607970714569
"27",378,128,513,201.7523665,59.41425952,355.2424522,14.4,33.3,42.5,49.8,36.3,53.1514741,2.713330712,23.95833333,49.2,24,3,355,10300,0,0,0,27,2018,-0.652907729148865,-0.184469059109688,-0.924864649772644
"28",93,140,233,95.28866369,51.92078217,25.57244238,15.5,36.3,40.7,30.8,18.5,8.0760948,0,0,25.3,54.6,4,4,10400,0,0,0,28,2010,0.81707227230072,1.64519596099854,0.767879843711853
"29",76,104,184,93.23865657,51.26537598,26.70455093,17.1,36.5,40,29.2,17.6,8.6206897,0,0,22.3,58.4,4,48,10400,0,0,0,29,2011,0.485578626394272,1.38769721984863,0.385452091693878
"30",58,78,137,96.4161676,56.13722861,21.61006246,18.2,33,40.3,28,19.4,6.7399787,0,0,18.2,63.8,4,92,10400,0,0,0,30,2012,-0.119787193834782,0.820096611976624,-0.247829973697662
"31",49,96,148,103.7278596,61.31493745,20.02511049,15.8,36.3,39.9,26.4,19.9,5.8028355,0,0,14.9,63.3,4,136,10400,0,0,0,31,2013,-0.154335632920265,0.550907909870148,-0.141127318143845
"32",43,77,123,104.6845296,61.0309281,23.64785785,11.4,39.3,38.4,21.4,16.6,6.795165,0.472972973,3.977272727,14.3,62.9,4,180,10400,0,0,0,32,2014,-0.145785108208656,0.67425936460495,-0.112383902072906
"33",56,141,197,100.3453479,57.92867217,25.23280982,8.2,38.6,41,22,11.1,7.5664622,2.188328912,16.92307692,15.3,64.5,4,224,10400,0,0,0,33,2015,1.1364483833313,1.72314238548279,1.2273645401001
"34",45,98,144,97.71450544,56.74894104,22.5157493,7.2,41.6,40,21.4,12.4,6.9303465,1.889338731,13.59223301,16.1,63.8,4,268,10400,0,0,0,34,2016,0.66585373878479,1.36641359329224,0.736064434051514
"35",42,32,74,105.0945311,58.47484399,24.32712298,7.5,38.3,40.4,23.6,12.9,6.9638789,2.061170213,18.56287425,13.8,65.8,4,312,10400,0,0,0,35,2017,-0.144004568457603,1.14129638671875,-0.535260140895844
"36",46,57,103,103.6595261,56.55231919,29.08197889,9.9,36.9,43.8,27.3,12.3,8.4460574,2.617449664,21.54696133,11.9,68.3,4,356,10400,0,0,0,36,2018,0.443317770957947,1.37633109092712,0.203377440571785
"37",232,244,476,117.3262402,46.0439734,122.2545126,20.2,28.7,54.8,47.2,21.6,31.4485573,0,0,31.4,24.3,5,5,10501,0,0,0,37,2010,2.55701899528503,2.63991332054138,2.28943753242493
"38",192,310,502,135.7421374,47.26739827,171.9540779,23.4,27.5,53.9,55.1,26.8,38.2367758,0,0,39.3,20.5,5,49,10501,0,0,0,38,2011,1.85597622394562,1.57367289066315,1.90465831756592
"39",178,351,535,141.7554916,51.44015096,158.9348296,20.2,28.6,53.9,46.5,29.9,33.8398456,0,0,47.5,15.2,5,93,10501,0,0,0,39,2012,1.8922860622406,1.48220586776733,1.98223650455475
"40",162,378,546,138.987982,52.72911646,167.3124329,19.8,28.4,51.8,51.6,36.1,36.3345633,0,0,44.4,18.1,5,137,10501,0,0,0,40,2013,1.01561784744263,0.464376896619797,1.27490210533142
"41",146,313,460,149.7505194,59.52349388,161.5386793,19.5,28.4,51.2,49.1,39.8,32.5570776,0,0,48.2,17,5,181,10501,0,0,0,41,2014,0.523199200630188,0.0783514305949211,0.755870938301086
"42",108,226,334,158.0188814,65.61877138,158.3687753,22.2,27.6,49.9,53.3,38.8,30.2466465,0,0,50.4,16.5,5,225,10501,0,0,0,42,2015,0.228612273931503,-0.0900560766458511,0.451025724411011
"43",124,253,385,151.8005265,65.9246276,134.4812849,22.4,28.4,52.2,51.2,44.3,26.7342342,0,0,49.2,16,5,269,10501,0,0,0,43,2016,0.198513269424438,-0.211581751704216,0.309617727994919
"44",124,181,307,146.1288401,62.2325061,138.8965083,30.7,26.8,49,62.2,48.5,28.6850725,0,0,42.3,18.3,5,313,10501,0,0,0,44,2017,-0.752339780330658,-0.85063499212265,-0.64711731672287
"45",102,254,362,150.2971879,70.0099928,132.4434895,31.1,26.3,47.6,66.3,49.5,26.5923567,0,0,42,17.4,5,357,10501,0,0,0,45,2018,-0.727408289909363,-1.11099052429199,-0.429579675197601
"46",191,236,428,252.0800412,109.7931481,216.5591548,30.4,26.4,47.5,62.5,46.7,25.9254237,0,0,44,32.5,6,6,10502,0,0,0,46,2010,-1.33597910404205,-1.19355404376984,-1.3208783864975
"47",181,308,493,254.335049,121.6341531,155.7649257,33.4,25,46.5,61.5,45.7,18.4786991,0,0,39.7,36.6,6,50,10502,0,0,0,47,2011,-1.11508476734161,-0.980188250541687,-1.06067073345184
"48",202,309,515,273.1267809,130.5913709,133.4623872,36.6,24.2,45.2,61.9,48.5,14.7415843,0,0,39.1,36.9,6,94,10502,0,0,0,48,2012,-1.40350651741028,-1.10969710350037,-1.39666032791138
"49",159,224,387,282.7276475,137.7789921,133.8020198,37,24.7,47.4,64.3,47.5,14.2770793,0,0,41.4,30.7,6,138,10502,0,0,0,49,2013,-1.22516083717346,-0.955659449100494,-1.31714534759521
"50",125,225,355,287.3743303,140.0947606,136.745502,37.6,24.7,50.1,65.6,51.1,14.3553758,0,0,41.3,30.2,6,182,10502,0,0,0,50,2014,-1.43293762207031,-1.45358920097351,-1.49379336833954
"51",155,234,393,280.4384729,128.0571337,176.0296687,38.2,24.6,49.8,63.6,43.5,18.9396709,0,0,41.6,26.5,6,226,10502,0,0,0,51,2015,-0.622812271118164,-0.514158129692078,-0.71285754442215
"52",140,257,400,289.5610046,134.698583,161.0858359,36.2,24.8,48.3,64.8,34.5,16.7847025,0,0,42.3,25.2,6,270,10502,0,0,0,52,2016,0.184929102659225,0.347869068384171,0.15333066880703
"53",190,250,443,299.1618712,135.2884486,207.5022864,30,26.5,48.7,62.5,33.8,20.9299669,0,0,43.7,23.7,6,314,10502,0,0,0,53,2017,0.272987931966782,0.533772647380829,0.171455085277557
"54",183,253,441,295.5743588,141.1215636,204.5588042,28.4,26.7,47.3,60.7,28.8,20.8834413,1.629597005,20.32967033,38.6,29.3,6,358,10502,0,0,0,54,2018,0.567260384559631,0.936307907104492,0.498664796352386
"55",175,202,377,138.8513149,81.65437598,10.74182037,10.1,48,44.5,22.4,10.8,2.3147008,0,0,19.8,52.7,7,7,10600,0,0,0,55,2010,2.15915250778198,3.14789891242981,1.80245459079742
"56",140,215,355,136.1863056,78.22441696,13.34567004,9.4,47.7,47,24.8,8.4,2.9374843,0,0,19.2,49.9,7,51,10600,0,0,0,56,2011,2.61801171302795,3.35869526863098,2.3169264793396
"57",132,148,283,130.9246207,74.9036923,14.47777859,7.9,47.6,49.9,25.1,7.6,3.3167929,1.842468908,12.94498382,16.8,55.6,7,95,10600,0,0,0,57,2012,2.66680312156677,3.51241946220398,2.13797903060913
"58",85,191,277,136.6646406,77.61270452,17.9873151,5.7,49.2,50.4,26.3,5,3.9529647,1.654331737,11.51515152,17.7,54.4,7,139,10600,0,0,0,58,2013,2.88817596435547,3.29296541213989,2.62746691703796
"59",112,180,294,136.0496385,82.59379151,10.51539866,6.1,48.4,50.4,28.3,7,2.3121387,1.940491591,15.84507042,17.9,53.9,7,183,10600,0,0,0,59,2014,2.85432291030884,3.49015188217163,2.46396827697754
"60",98,172,270,135.0929685,81.93838533,20.02511049,4.5,49.4,48.1,28.3,7.5,4.4545685,1.732882502,15.18518519,18.4,47.1,7,227,10600,0,0,0,60,2015,2.70532727241516,3.3127064704895,2.46489548683167
"61",109,166,275,143.4638309,85.084335,21.4968516,5.5,49.8,47.9,27.1,7,4.5042898,1.62469537,15.44401544,15.9,53.8,7,271,10600,0,0,0,61,2016,2.45155239105225,3.17414474487305,2.1456995010376
"62",116,188,307,141.3454902,82.79041336,26.93097264,5.6,50.5,45.5,25.3,6.8,5.7329463,0,0,18.4,51.6,7,315,10600,0,0,0,62,2017,2.31860494613647,3.02720904350281,2.10750722885132
"63",110,146,256,141.7896584,78.31180445,26.0252858,7.8,49.3,44.2,26.1,5.4,5.5220641,0,0,17.6,56.1,7,359,10600,0,0,0,63,2018,2.01368165016174,2.9350688457489,1.74323451519012
"64",57,108,165,147.4955115,51.52753846,148.6326418,14.8,37,40.3,34.3,14.8,30.4126101,0,0,54.3,13.7,8,8,10700,0,0,0,64,2010,1.1419323682785,1.4493271112442,1.51701951026917
"65",56,59,115,148.1446805,51.96447591,173.3126082,13.9,36.8,41.7,36,18.8,35.3104085,0,0,48.4,13.4,8,52,10700,0,0,0,65,2011,0.384827136993408,0.860946297645569,0.559355556964874
"66",69,76,147,140.1838195,52.55434148,155.538504,15.2,37.9,42.1,37.3,23.3,33.4878049,0,0,44.6,13.2,8,96,10700,0,0,0,66,2012,0.36068457365036,0.77335661649704,0.527415156364441
"67",68,69,137,147.4955115,52.27033213,184.7469046,13.7,37.5,41.5,37.6,28.5,37.8071395,0,0,42.1,17.9,8,140,10700,0,0,0,67,2013,-0.580718576908112,-0.212714850902557,-0.345745116472244
"68",66,79,145,145.7530055,48.29420129,204.5588042,13.8,40.7,44.4,39.1,29.9,42.364532,0,0,42.9,14.4,8,184,10700,0,0,0,68,2014,-0.419440984725952,-0.336705684661865,-0.119852982461452
"69",84,89,173,151.6296926,50.65366355,199.4643157,16.4,40.3,43.4,39.5,29.3,39.7068771,0,0,41.3,18.3,8,228,10700,0,0,0,69,2015,-0.361513376235962,-0.109950289130211,-0.141853705048561
"70",84,88,174,150.7413561,51.44015096,188.8224953,16.1,39.9,44.9,41,29.1,37.809027,0,0,42.2,19.5,8,272,10700,0,0,0,70,2016,-0.201367080211639,0.022591570392251,-0.0661859214305878
"71",95,131,226,154.2263682,54.38947879,189.6149713,10.7,39.9,45.2,37.4,25.4,37.1092884,0,0,43.4,21.3,8,316,10700,0,0,0,71,2017,0.350580871105194,0.452702432870865,0.602005660533905
"72",102,148,251,157.0280446,52.03001653,216.3327331,9.7,37.9,44.4,40.2,27,41.5850207,1.359883439,19.58041958,44.5,20.7,8,360,10700,0,0,0,72,2018,0.225697964429855,0.257264167070389,0.58829528093338
"73",76,103,181,98.67117542,30.42345938,75.3852186,6.9,30.4,61,44.9,32.8,23.05026,0,0,73,3.2,9,9,10800,0,0,0,73,2010,2.15824580192566,1.7731306552887,1.8488587141037
"74",58,126,185,94.40032727,29.70251258,73.57384492,7.9,29.6,58,47.3,32.9,23.5144928,0,0,68.6,4.6,9,53,10800,0,0,0,74,2011,1.91801953315735,1.34696996212006,1.87463271617889
"75",81,133,216,77.28276786,30.40161251,61.23386172,7.1,32.6,49.8,42.9,27,23.9043825,0,0,58,6.6,9,97,10800,0,0,0,75,2012,2.09211540222168,2.05796384811401,2.15509080886841
"76",60,114,174,82.78362029,37.19598993,31.23298513,5.7,35.3,50.2,36.9,30.3,11.3636364,0,0,65.9,7.3,9,141,10800,0,0,0,76,2013,1.86020708084106,1.88286209106445,1.83888804912567
"77",56,112,168,73.66108863,31.36287491,37.45958216,5,37.7,50,31.6,36.2,15.3274501,0,0,64.3,7.5,9,185,10800,0,0,0,77,2014,1.25613653659821,1.1238579750061,1.33664572238922
"78",29,99,132,85.41446275,38.7471179,34.51609993,6.6,35.6,49.8,32.6,44.1,12.1746095,0,0,58.6,8.2,9,229,10800,0,0,0,78,2015,0.185396999120712,-0.379565715789795,0.382004112005234
"79",56,126,188,92.31615337,39.00928037,46.96929398,8.2,35.5,49.6,32.9,43.5,15.3390144,0,0,52.3,10.2,9,273,10800,0,0,0,79,2016,0.345186203718185,0.0597170032560825,0.462408632040024
"80",52,132,185,90.43698018,38.87819913,48.21461339,7.9,36,49.3,32.6,41.3,16.0741301,0,0,51.6,12.1,9,317,10800,0,0,0,80,2017,0.442410826683044,0.123190462589264,0.627127289772034
"81",61,165,233,99.4228447,39.79576779,63.27165711,11.6,34.2,53.5,39.9,40.5,19.1950464,0,0,50,12.3,9,361,10800,0,0,0,81,2018,0.896504580974579,0.330488234758377,0.977050364017487
"82",24,69,94,74.00275648,43.57527677,7.458705577,11.9,37.8,48.1,33.1,16.9,3.0050855,2.272727273,14.28571429,41.7,26.8,10,10,10900,0,0,0,82,2010,2.18117356300354,2.34926414489746,2.11928153038025
"83",15,104,119,77.04360037,43.81559237,11.30787465,13.5,36.8,48.3,35.2,12.3,4.3960924,2.260869565,14.20765027,39.3,30.8,10,54,10900,0,0,0,83,2011,2.64463233947754,2.12390756607056,2.73680830001831
"84",13,65,79,75.16442718,44.66762041,8.137970707,13.9,37.9,49.7,40.4,13,3.2316796,2.356020942,17.76315789,44.1,33,10,98,10900,0,0,0,84,2012,2.26591873168945,1.97871267795563,2.2411937713623
"85",6,53,59,80.46027889,46.78676707,13.45888089,17.3,37.7,48.6,42.5,15.3,5.0170068,0,0,43.4,33.4,10,142,10900,0,0,0,85,2013,1.35997605323792,0.56510716676712,1.46764385700226
"86",15,40,55,84.25279205,48.49082314,17.76089339,16.9,36,49,43.1,16.3,6.3337393,2.016806723,40,39.8,30.8,10,186,10900,0,0,0,86,2014,1.39540112018585,1.5755021572113,1.31240117549896
"87",11,54,66,80.80194674,42.63586125,33.8368348,13.7,36.4,47.5,41.1,14.4,12.6164268,1.54373928,23.68421053,38.1,30,10,230,10900,0,0,0,87,2015,1.48454284667969,1.11987924575806,1.64082610607147
"88",24,70,95,77.18026751,41.52167074,34.06325651,11,36.6,48.6,42.2,13.7,13.2978723,1.603375527,18.0952381,40.8,27.1,10,274,10900,0,0,0,88,2016,2.12887573242188,2.12521314620972,2.16829109191895
"89",27,107,136,84.49195955,43.11649245,38.13884729,13.9,36.2,49.4,44.9,12.3,13.6032389,1.600673968,20,38.3,27.3,10,318,10900,0,0,0,89,2017,2.58280849456787,2.33192896842957,2.65367960929871
"90",18,58,76,82.61278636,44.60207979,25.34602067,7.3,38,49.7,41.7,10,9.2339545,1.858108108,20.37037037,37.1,29.7,10,362,10900,0,0,0,90,2018,2.3025918006897,2.27881908416748,2.28698205947876
"91",254,64,321,84.5944599,23.51984759,152.5950217,10.2,32.6,44.3,42.9,48.6,54.4682572,1.518438178,13.81578947,65.9,4.3,11,11,11000,0,0,0,91,2010,-0.706423401832581,-0.465791165828705,-1.13348889350891
"92",263,58,326,83.80862384,25.5953005,133.3491764,10.1,32.2,43.6,44.5,52,48.0408163,2.573807721,18.99441341,64.5,4.8,11,55,11000,0,0,0,92,2011,-0.804021656513214,-0.430836796760559,-1.38350486755371
"93",219,65,284,79.43527533,26.77503163,109.8013185,9.5,33.1,44.6,43.9,49.4,41.7312661,2.89968652,21.6374269,66.1,3.9,11,99,11000,0,0,0,93,2012,-0.331523030996323,0.0910119861364365,-0.776274740695953
"94",264,51,316,75.16442718,26.60025665,97.46133533,9.1,33.5,46.3,47.2,49.8,39.1442877,4.520654716,30.52631579,61.8,5.3,11,143,11000,0,0,0,94,2013,0.0807395353913307,0.592367649078369,-0.786645174026489
"95",200,79,279,88.04530521,26.16331919,145.5759487,8.6,33.5,42.6,53,49.9,49.9222999,2.222222222,24.56140351,60.8,6,11,187,11000,0,0,0,95,2014,-1.0192266702652,-0.747420012950897,-1.09367454051971
"96",213,69,283,84.1502917,25.92300359,131.1981701,7,33.8,42.2,49,46.7,47.0731707,2.764227642,21.79487179,59.6,6.4,11,231,11000,0,0,0,96,2015,-0.586767435073853,-0.167598903179169,-0.843681037425995
"97",194,92,286,82.57861958,24.72142559,138.8965083,4.8,36.5,41.8,46.8,43.3,50.7870754,0.87163233,6.077348066,58.2,6.1,11,275,11000,0,0,0,97,2016,-0.523626685142517,-0.266503185033798,-0.463089406490326
"98",224,119,343,80.18694461,23.34507261,135.3869718,5.2,36.5,41.1,48.5,46.4,50.9812287,2.572347267,14.88372093,57.4,4.7,11,319,11000,0,0,0,98,2017,-0.476187169551849,-0.233389958739281,-0.297118097543716
"99",255,96,351,78.13693749,26.14147232,110.7070054,5.4,39.5,42.7,44.1,46.8,42.7758319,1.862348178,11.6751269,60.8,3,11,363,11000,0,0,0,99,2018,-0.101137615740299,0.299690663814545,-0.304005861282349
"100",397,75,472,102.3611882,3.661040258,304.4107783,10,34.4,40.6,48,48.3,89.8095556,2.274293591,18.03278689,66.4,3.9,12,12,11100,0,0,0,100,2010,-1.70841348171234,-1.81815135478973,-1.81838810443878
"101",370,85,458,107.7937071,3.726580877,308.7127908,9.1,32.7,44.1,48.4,52.1,86.4847716,1.824324324,15.34090909,70.9,4.2,12,56,11100,0,0,0,101,2011,-1.82062387466431,-2.09981966018677,-1.89690589904785
"102",387,71,458,99.21784399,6.348205607,271.8060521,6.5,35.7,46,44.4,46.9,82.7300931,1.684636119,12.88659794,66.5,7.4,12,100,11100,0,0,0,102,2012,-1.12553775310516,-1.32302582263947,-1.50400161743164
"103",398,74,475,88.93364163,3.813968368,267.164407,8.2,39.7,44.5,43.3,46.2,90.7307692,0,0,57,12.5,12,144,11100,0,0,0,103,2013,-1.57093405723572,-1.86042213439941,-1.82614898681641
"104",420,91,511,86.16613203,3.311490294,259.2396472,9.3,41.7,42.4,45.8,49.2,90.8693926,0,0,61.6,12.6,12,188,11100,0,0,0,104,2014,-1.91675317287445,-2.17814779281616,-1.96758484840393
"105",305,113,419,83.84279063,3.529959022,251.2016765,6.4,42.3,42.7,42.8,43.6,90.4936761,0,0,61.1,14.4,12,232,11100,0,0,0,105,2015,-1.60107278823853,-1.93888163566589,-1.27305519580841
"106",360,115,477,82.7494535,8.882442846,218.9365828,4.3,42.1,46.1,43.8,44.5,79.9090533,0,0,60.5,13.4,12,276,11100,0,0,0,106,2016,-0.941649973392487,-1.22039711475372,-0.939623892307281
"107",445,175,623,85.92696453,5.474330697,225.3896015,4.8,33.9,42.7,48.8,52.5,79.2197452,0,0,62.2,10.1,12,320,11100,0,0,0,107,2017,-1.58952295780182,-1.87826132774353,-1.30507040023804
"108",434,111,546,93.170323,7.615324226,230.5973009,4.4,34.3,42.8,49.9,50.8,74.743025,0,0,63.4,9.5,12,364,11100,0,0,0,108,2018,-1.48846089839935,-1.58694434165955,-1.58889019489288
"109",169,59,229,86.81530095,28.63201581,137.3115563,10.7,36.4,53.1,45.1,28.6,47.7541371,0.589535741,3.25203252,39.8,32.4,13,13,11200,0,0,0,109,2010,0.618898212909698,0.822921395301819,-0.0352011136710644
"110",219,91,310,82.40778565,27.53967218,125.8772599,12.7,36.2,49.3,46.2,21.3,46.1187215,1.879699248,9.057971014,40.1,32.4,13,57,11200,0,0,0,110,2011,1.50654113292694,1.94755017757416,1.0301308631897
"111",248,86,335,72.90941935,25.33313803,105.8389386,15.2,38.3,47.1,47.9,23.3,43.8291882,1.76730486,6.366047745,30.8,32.9,13,101,11200,0,0,0,111,2012,1.39060962200165,1.98439264297485,0.814287066459656
"112",208,61,269,74.58359183,26.57840977,107.084258,13.5,40.2,48.3,45.8,23.7,43.3486239,1.582733813,6.214689266,30.9,34.5,13,145,11200,0,0,0,112,2013,1.14499449729919,1.73223376274109,0.409481436014175
"113",140,72,212,73.90025612,25.28944428,111.0466379,13.8,42,47.7,43.8,27.6,45.3703704,5.701754386,21.36986301,28.9,41.4,13,189,11200,0,0,0,113,2014,0.535890877246857,1.01053535938263,0.266398996114731
"114",196,84,282,67.85273514,27.0371941,80.25328536,14.5,42.4,47.4,43.5,27.2,35.7034796,4.181951577,15.74585635,25.7,40.7,13,233,11200,0,0,0,114,2015,1.1000155210495,1.76639103889465,0.580636620521545
"115",211,113,326,84.56029312,25.81376923,141.3871471,15.5,36.5,54.4,41.9,43.8,50.4854369,3.430656934,12.56684492,26.2,39.6,13,277,11200,0,0,0,115,2016,-0.405573755502701,-0.493968904018402,-0.711165189743042
"116",189,86,277,86.43946631,29.09080014,132.896333,10.1,38.8,53.3,38.3,37.4,46.4186783,4.988662132,23.23943662,23.5,46.9,13,321,11200,0,0,0,116,2017,-0.108892634510994,0.0479860045015812,-0.56356281042099
"117",197,84,284,86.88363452,27.64890654,142.0664122,11,42.4,53.7,38.8,38,49.3700787,6.801195815,30.43478261,23.2,40.7,13,365,11200,0,0,0,117,2018,0.166711837053299,0.303527504205704,-0.295682311058044
"118",131,309,449,51.11101037,25.72638174,24.21391212,11.5,40,50.2,31,26.6,14.2665774,7.659208262,41.58878505,27.9,46.4,14,14,11300,1,0,1,118,2010,2.80804228782654,2.9147937297821,2.79416871070862
"119",166,394,562,46.46432757,23.01736952,26.81776179,8.7,49.8,49.6,31.9,25.8,17.3913043,10.28037383,36.11940299,30,42.3,14,58,11300,1,0,1,119,2011,3.41356182098389,3.54662466049194,3.49551033973694
"120",160,439,607,50.90600966,25.09282243,24.66675554,7.3,41.9,53.2,35.4,21.8,14.5931406,9.909165979,37.61755486,26,54.7,14,102,11300,1,0,1,120,2012,3.66957831382751,3.65115714073181,3.61049938201904
"121",140,307,450,55.8943603,25.66084112,30.55372,7.1,41.4,52.3,38.7,29.4,16.4727495,11.83478952,40.16172507,29.8,50.7,14,146,11300,1,0,1,121,2013,2.73733878135681,2.83774757385254,2.71717548370361
"122",136,268,409,52.47768178,24.67773184,24.7799664,8.7,44.2,50,43.9,32.1,14.2204827,10.4,37.24928367,28,49.1,14,190,11300,1,0,1,122,2014,2.28019833564758,2.51408076286316,2.2617518901825
"123",172,301,474,57.19269814,27.43043781,30.32729829,14,44.2,49.4,46,35,15.978456,5.551330798,22.8125,28.6,46.8,14,234,11300,1,0,1,123,2015,1.67872273921967,1.8866001367569,1.65135824680328
"124",138,288,430,60.16520846,30.31422501,23.7610687,16.6,40.2,51,50.5,35.6,11.8885097,8.634686347,41.34275618,25.3,48.6,14,278,11300,1,0,1,124,2016,1.90630102157593,2.06985974311829,1.83812963962555
"125",162,336,504,61.73688058,28.58832207,29.42161145,15.6,42.1,51.4,52.1,35.1,14.3569845,10.84598698,60.24096386,26.6,47.4,14,322,11300,1,0,1,125,2017,2.26428365707397,2.41917824745178,2.22115850448608
"126",119,210,329,62.146882,29.30926887,27.83665948,17.7,44.2,48.9,49.4,29.8,13.4911894,11.66892809,56.39344262,26.6,47.4,14,366,11300,1,0,1,126,2018,2.22052550315857,2.6804473400116,2.16380906105042
"127",369,324,693,46.6351615,6.348205607,118.4053435,15.3,34.6,55.6,61.1,45.8,76.7254038,3.246753247,17.73049645,58.3,8.3,15,15,11400,1,0,0,127,2010,1.18684697151184,0.361896187067032,1.53087508678436
"128",388,317,707,48.17266684,6.042349388,127.4622119,18.3,33.3,54.6,61.4,41.3,79.9573561,4.187817259,24.81203008,56.5,11,15,59,11400,1,0,0,128,2011,1.40892159938812,0.686788499355316,1.74589371681213
"129",223,170,394,51.41851143,9.013524082,122.9337777,16.4,34,56.3,57.9,50,72.2370173,4.273504274,27.77777778,50.9,13.6,15,103,11400,1,0,0,129,2012,0.215183526277542,-0.512422382831573,0.414287716150284
"130",206,119,327,55.8943603,11.32929259,125.8772599,18.9,32.9,53.8,55.6,43.5,68.0342927,5.933250927,35.82089552,46.3,17.3,15,147,11400,1,0,0,130,2013,0.479980379343033,0.140905976295471,0.486400902271271
"131",173,127,300,57.7393667,8.751361609,140.5946711,17.9,32.5,52.2,51.2,36.8,73.562537,2.654867257,22.34042553,42.4,19.4,15,191,11400,1,0,0,131,2014,0.363223254680634,-0.0904070809483528,0.591072082519531
"132",135,149,287,58.76437026,7.811946081,146.934479,13.6,33.6,45.3,44.9,41.8,75.5387303,2.36318408,24.67532468,42.8,20.4,15,235,11400,1,0,0,132,2015,-0.832116425037384,-1.34790515899658,-0.144468158483505
"133",165,74,241,57.53436599,8.445505391,137.8776106,10.9,37.6,43.9,43.8,39,72.3973825,2.43902439,28.57142857,43,22.5,15,279,11400,1,0,0,133,2016,-0.819219172000885,-0.837207198143005,-0.662119328975677
"134",154,127,282,56.95353064,8.227036663,134.1416524,12.9,37.6,43.8,45.2,38.8,71.1538462,6.161137441,46.42857143,43.4,24.2,15,323,11400,1,0,0,134,2017,-0.364172339439392,-0.492804795503616,0.163571566343307
"135",250,135,388,56.54352922,8.532892882,131.0849593,8.4,38.3,39.6,42.7,35.4,70.0363196,6.047032475,40.29850746,38.7,28.3,15,367,11400,1,0,0,135,2018,-0.184109851717949,0.0431676842272282,0.181937873363495
"136",42,49,91,277.4659626,123.7532998,206.8230213,13,33.8,50.1,32.3,13,22.4932249,2.324159021,22.41887906,48.6,14.3,16,16,11500,0,1,0,136,2010,1.24178063869476,1.66485691070557,1.05173003673553
"137",24,77,101,291.6793453,140.9904824,196.0679901,12.3,35.4,50,30.9,15.3,20.2835716,2.129521587,21.28279883,49.5,13.9,16,60,11500,0,1,0,137,2011,1.13534736633301,0.896765828132629,1.28462505340576
"138",36,60,96,303.9793879,144.9884601,225.2763907,11.5,36.6,50.1,29.7,17.2,22.3633911,1.882421083,25.19379845,51.5,12.7,16,104,11500,0,1,0,138,2012,0.836512327194214,0.99085921049118,0.822207272052765
"139",20,55,75,303.9452212,145.8841819,212.3703532,10.8,36.4,50.9,33.6,21.3,21.0839987,1.065403966,11.88118812,51.8,15.3,16,148,11500,0,1,0,139,2013,0.1516033411026,-0.0967128202319145,0.274641871452332
"140",28,52,81,294.9935234,141.0997167,204.7852259,6.4,37.2,51.9,29.8,19.2,20.9477465,0,0,50.4,19.5,16,192,11500,0,1,0,140,2014,0.294789582490921,0.254522174596786,0.249090671539307
"141",23,31,54,292.1235135,140.8594011,182.82232,6.7,38.9,53.5,27.1,19,18.8838189,0,0,49.3,21.3,16,236,11500,0,1,0,141,2015,0.0401137508451939,0.188828587532043,-0.190337643027306
"142",23,46,69,288.8093353,137.3202077,197.9925746,7.9,40,52.4,30.2,20.5,20.6863905,0,0,48,20.8,16,280,11500,0,1,0,142,2016,0.0398152805864811,-0.0528747290372849,0.0140634356066585
"143",26,46,72,284.1284857,137.9974608,189.0489171,9.2,40.4,52.3,29.9,17.2,20.0769879,0,0,52,19.4,16,324,11500,0,1,0,143,2017,0.465060979127884,0.500502526760101,0.373575627803802
"144",32,49,81,273.4342819,131.8584896,188.9357062,9.8,44.1,53.3,27.6,14.8,20.85,0,0,51.2,16.3,16,368,11500,0,1,0,144,2018,1.00941455364227,1.10633778572083,0.834819674491882
"145",31,38,69,217.9815895,108.5478763,109.3484751,7.2,40.2,50.6,27.9,6.1,15.1325074,0,0,43.5,22.9,17,17,11603,0,1,0,145,2010,1.59373497962952,2.09468388557434,1.28427410125732
"146",11,29,40,233.3566429,113.2886477,119.4242412,11.3,39.7,50.8,28.9,6.6,15.4386993,0,0,41.7,19.5,17,61,11603,0,1,0,146,2011,1.06412363052368,1.05543720722198,1.0238025188446
"147",16,9,27,235.6116507,114.5120726,150.2175938,9.4,39.6,51.5,26.6,3.6,19.236907,0,0,37.9,22.4,17,105,11603,0,1,0,147,2012,0.778205394744873,1.48654615879059,-0.0143119171261787
"148",18,72,90,227.7191233,111.2131948,144.2174185,10.8,41.5,53.1,27.9,6.5,19.1083759,0,0,39.7,20.3,17,149,11603,0,1,0,148,2013,1.9627298116684,1.4954047203064,2.00297427177429
"149",9,8,17,246.2033541,120.4981157,161.0858359,11.5,40.3,52.1,28.9,8,19.7417743,0,0,37.8,22.3,17,193,11603,0,1,0,149,2014,-0.085382379591465,0.444184333086014,-0.513145983219147
"150",6,11,17,261.9542421,126.2001495,176.7089339,12.5,39.9,50.3,29.9,13,20.3549061,0,0,35.3,23.6,17,237,11603,0,1,0,150,2015,-0.795759260654449,-0.623596966266632,-0.837858736515045
"151",1,5,6,256.3167225,122.4643343,171.8408671,11.1,42.2,47.9,32.6,14,20.2293639,0,0,38.5,25.4,17,281,11603,0,1,0,151,2016,-2.04781985282898,-2.12681102752686,-1.76563048362732
"152",5,11,16,263.4575806,125.1296528,184.2940611,11.9,42.5,46.7,35.7,15.8,21.1079398,0,0,42.1,22.6,17,325,11603,0,1,0,152,2017,-1.37721741199493,-1.21035385131836,-1.23127043247223
"153",9,4,13,265.951756,130.1325866,169.1238066,12.3,39,47.6,34.1,12.1,19.1877651,1.722627737,18.09815951,34.7,23.7,17,369,11603,0,1,0,153,2018,-1.02877378463745,-0.0663914829492569,-1.63365125656128
"154",86,98,184,178.7239532,88.49244715,101.1972935,32.1,26.3,50.8,49.1,29.8,17.0811018,0,0,35.8,27,18,18,11605,0,0,0,154,2010,0.444370716810226,0.832532644271851,0.146173521876335
"155",91,147,241,168.0639163,72.0199051,148.6326418,27.4,29.6,52,47.2,29.2,26.6883645,0,0,45,22.3,18,62,11605,0,0,0,155,2011,0.808124005794525,0.762018859386444,0.750499784946442
"156",79,155,236,170.2847573,74.53229546,136.9719237,19.1,29.8,54.3,45.7,18.9,24.2722345,1.92761605,9.38697318,43.4,28.3,18,106,11605,0,0,0,156,2012,1.90894937515259,1.81482362747192,1.80575501918793
"157",94,164,260,175.3756083,76.41112652,131.1981701,16.8,29.5,54.8,44.4,11.7,22.5730994,3.23903239,17.55555556,49,25.8,18,150,11605,0,0,0,157,2013,2.92165565490723,3.00201439857483,2.72481369972229
"158",63,111,174,172.9839333,81.87284471,93.15932284,20.7,29.1,53.4,50.6,14.2,16.2450593,3.747454175,23.35025381,38.2,34.3,18,194,11605,0,0,0,158,2014,2.11984872817993,2.36821985244751,1.88147175312042
"159",90,162,255,172.4372648,86.65730984,90.32905146,19.7,29.4,53.2,47.7,12.8,15.8009516,3.931691819,24.32432432,36.3,36.9,18,238,11605,0,0,0,159,2015,2.55548191070557,2.81341505050659,2.30660796165466
"160",88,115,207,183.9856382,90.52420632,99.83876329,20.1,29.2,52.1,47.7,15.5,16.3693794,3.355704698,26.15384615,31.4,39.7,18,282,11605,0,0,0,160,2016,1.78416836261749,2.22656083106995,1.44345057010651
"161",121,133,257,174.8631065,85.39019122,104.9332518,19.5,30.4,50.5,48.2,18.3,18.1036168,3.78020265,31.80327869,26.8,41.2,18,326,11605,0,0,0,161,2017,1.59601175785065,2.1516432762146,1.26525700092316
"162",65,103,169,191.5364977,91.33254061,152.4818109,20,31.2,51.2,48.2,28.2,24.0228449,3.661862096,39.16666667,25.1,42.7,18,370,11605,0,0,0,162,2018,-0.00888548605144024,0.120991431176662,-0.0793870463967323
"163",11,15,26,137.4504767,72.95932062,53.30910187,10,40.4,48,29.9,7.1,11.6915423,0,0,38.7,25.2,19,19,11606,0,0,0,163,2010,0.796619653701782,1.37428653240204,0.558211266994476
"164",8,24,33,138.3729799,73.09040186,62.25275941,8.7,42.4,48.1,28.1,7.4,13.5656042,0,0,38,29,19,63,11606,0,0,0,164,2011,0.82299816608429,0.812795758247375,0.835351049900055
"165",7,28,35,143.6346648,77.85302012,52.51662588,10.6,40.7,50.6,30.6,8.4,11.0211854,1.039387309,15.57377049,43.9,27.3,19,107,11606,0,0,0,165,2012,1.16443192958832,0.919416129589081,1.175421833992
"166",8,14,22,146.5046748,78.35549819,68.02651302,9.7,38.6,50.5,31.4,10.1,14.0023337,0.952380952,12.97709924,37,29.8,19,151,11606,0,0,0,166,2013,0.339544653892517,0.643393278121948,0.172858729958534
"167",4,18,23,153.7822,84.05753198,57.72432521,7.6,40.2,51.3,31.3,11.7,11.3161405,0.993926008,20,43.5,29.1,19,195,11606,0,0,0,167,2014,0.349992990493774,-0.0642722845077515,0.347707331180573
"168",13,33,46,163.6222342,87.83704097,71.30962782,7.7,38.8,51.3,30.4,10.3,13.142499,1.028695181,32.75862069,41,29.3,19,239,11606,0,0,0,168,2015,1.05417609214783,1.08023762702942,0.978444576263428
"169",2,13,15,164.4080702,89.32262832,67.46045875,7.9,39.7,50.7,32.4,11.7,12.3726346,0.867678959,26.2295082,43.1,24.8,19,283,11606,0,0,0,169,2016,-0.0740704759955406,-0.659159660339355,0.0601957514882088
"170",7,12,19,172.4372648,91.4199281,76.06448373,11.3,37.8,52.6,36.4,12.9,13.3029342,0,0,42.1,23.6,19,327,11606,0,0,0,170,2017,0.10158709436655,0.307723224163055,-0.120269201695919
"171",9,11,20,174.8289397,93.56092163,71.19641696,11.8,38,52.2,35.7,12.5,12.2800156,0,0,45.7,21.9,19,371,11606,0,0,0,171,2018,0.231732279062271,0.664679408073425,-0.127671405673027
"172",0,3,3,357.1770726,182.5869281,99.95197414,10.4,31.9,49.9,36.7,6.4,8.4393838,0.980993256,11.5942029,32.8,29,20,20,11607,0,0,0,172,2010,-1.8327020406723,-1.99006509780884,-1.62914526462555
"173",0,6,6,357.1770726,186.1916621,104.7068301,11.4,31.6,48.6,40.7,7.7,8.8412592,0.814785374,8.055009823,31.1,27,20,64,11607,0,0,0,173,2011,-1.44383919239044,-2.09149718284607,-1.19223427772522
"174",1,43,44,369.9212835,207.9729942,100.9708718,11.9,32.1,48.3,41,5.1,8.2317073,0,0,32.2,25.5,20,108,11607,0,0,0,174,2012,0.643079340457916,-1.2304060459137,0.867328822612762
"175",0,4,4,375.4221359,211.5121876,111.7259031,11.6,33.4,47.7,39.1,7.1,8.9758762,1.55937625,44.06779661,33.1,26.7,20,152,11607,0,0,0,175,2013,-1.77556014060974,-2.05518865585327,-1.50246477127075
"176",0,3,3,371.0487874,203.6910072,121.5752475,12.4,34.4,46,37.8,7.4,9.8830248,1.42578125,30.41666667,32.2,30.7,20,196,11607,0,0,0,176,2014,-2.28283143043518,-2.24019503593445,-1.96505010128021
"177",0,6,6,371.1512877,201.5718605,135.2737609,11.5,34,47.3,37.3,6.4,10.9944751,2.033492823,36.55913978,35.9,30.6,20,240,11607,0,0,0,177,2015,-1.54685497283936,-2.12524247169495,-1.24377596378326
"178",0,1,1,395.443872,208.5847067,156.8970342,12.2,32.8,49,33,10.3,11.9695791,1.918133281,59.14634146,35.2,28.8,20,284,11607,0,0,0,178,2016,-2.91609072685242,-2.39039278030396,-2.64031147956848
"179",2,5,7,397.4255456,204.3464133,184.5204829,11.1,35.4,47.5,30.5,13.3,14.0080832,2.027156244,62.35294118,33,29.5,20,328,11607,0,0,0,179,2017,-2.11510610580444,-1.76337850093842,-2.02264666557312
"180",0,2,2,435.1115097,222.6322458,162.4443661,11.2,33.8,47.5,29,13.6,11.2629595,0,0,35.9,27.2,20,372,11607,0,0,0,180,2018,-3.11399912834167,-2.83584809303284,-2.78692626953125
"181",1,0,1,181.4572961,86.0455974,135.3869718,8.1,40.2,47.9,23,11.5,22.5131876,0.600184672,12.26415094,35.2,26.5,21,21,11608,0,0,0,181,2010,-2.70914721488953,-1.71086502075195,-2.78908848762512
"182",0,5,5,180.2272918,90.58974693,110.2541619,9.5,42.8,45.8,24.7,7.4,18.4559939,0,0,34.1,25.8,21,65,11608,0,0,0,182,2011,-1.42189419269562,-2.01820850372314,-0.985914170742035
"183",1,0,1,186.5481471,93.23321854,115.0090179,8.3,42.6,46,23.6,7.7,18.5999633,0,0,27.8,27,21,109,11608,0,0,0,183,2012,-2.52580595016479,-1.40257596969604,-2.64056730270386
"184",0,0,0,193.9623395,100.7485428,98.70665474,8.7,42.1,49.3,25.4,4.2,15.3507226,0,0,24.9,31.5,21,153,11608,0,0,0,184,2013,-2.66823983192444,-1.78860878944397,-2.41055035591125
"185",0,0,0,197.1056837,108.4167951,71.76247124,7,42.5,46.6,23.2,6.3,10.9781478,0,0,25,30.1,21,197,11608,0,0,0,185,2014,-2.85049366950989,-1.86215472221375,-2.55916237831116
"186",0,0,0,221.0566002,117.6580223,92.14042514,10,38.9,49.5,29.7,4,12.5715169,1.641468683,28.57142857,25.9,28.3,21,241,11608,0,0,0,186,2015,-2.50447559356689,-1.59892642498016,-2.27513265609741
"187",1,0,1,204.861544,104.7246736,109.5748968,7.9,38.5,52.2,26.5,6.1,16.1354914,2.938596491,53.6,29,31.2,21,285,11608,0,0,0,187,2016,-1.94977426528931,-0.926277101039886,-2.29169869422913
"188",0,0,0,208.5515568,109.3780575,86.7063041,8.1,38.6,50.9,25.8,9.8,12.538928,2.502157032,51.32743363,30.4,32.9,21,329,11608,0,0,0,188,2017,-2.83625769615173,-1.95099520683289,-2.60718035697937
"189",0,0,0,210.0207285,107.2807577,113.6504876,9.3,38.4,52.4,27.9,8.4,16.3248698,2.506265664,36.14457831,32.1,33.8,21,373,11608,0,0,0,189,2018,-2.76178765296936,-1.9462525844574,-2.54024791717529
"190",16,91,107,138.6804809,82.00392594,15.83630885,11,48.1,50.2,23.9,15.3,3.4270217,4.718162839,34.55657492,28.5,39.6,22,22,11701,1,0,0,190,2010,1.73378431797028,1.37142729759216,1.74890232086182
"191",14,91,105,148.5546819,87.44379726,16.06273056,11.5,45.9,52.4,24.1,15.7,3.2451093,6.517311609,46.51162791,27.3,43,22,66,11701,1,0,0,191,2011,1.81303918361664,1.29581797122955,1.7832258939743
"192",18,73,91,161.0255585,97.73367432,13.45888089,15.1,40.4,53.3,32,18.6,2.5053079,7.203561311,57.05128205,27.6,44.7,22,110,11701,1,0,0,192,2012,1.41439080238342,1.28075265884399,1.27358961105347
"193",15,57,72,163.2463995,98.84786483,14.25135688,13.7,44.2,52.8,30.6,18.5,2.617801,5.818619583,58.23293173,26.5,46.9,22,154,11701,1,0,0,193,2013,0.942500710487366,0.850571513175964,0.80001837015152
"194",15,69,84,165.4672406,100.3552991,10.1757661,12.9,38,53.4,31.1,17.8,1.838843,5.325443787,41.92546584,23.5,52.2,22,198,11701,1,0,0,194,2014,0.991686522960663,0.738380372524261,0.848560631275177
"195",9,70,79,170.7630923,105.4674673,0.1,11.8,42.3,51.3,31.4,15.4,0,7.665232695,60.30769231,27.6,44,22,242,11701,1,0,0,195,2015,1.47867524623871,0.922918498516083,1.46188676357269
"196",25,77,102,173.1547673,108.3731014,0.1,10.7,43.5,50.6,32.3,11.5,0,7.061068702,51.96629213,28.5,45.3,22,286,11701,1,0,0,196,2016,1.93273758888245,2.20374035835266,1.75568556785583
"197",29,78,108,165.8089084,101.6879583,10.51539866,8.9,48,52,30.9,8,1.8969072,7.572298326,54.3715847,27.8,45.4,22,330,11701,1,0,0,197,2017,2.44805955886841,2.76737332344055,2.20077252388
"198",16,69,85,164.4764038,100.9888584,4.402012491,7,49.4,49.3,27.6,6.7,0.7898566,9.688581315,66.14173228,30.3,43.3,22,374,11701,1,0,0,198,2018,2.39220285415649,2.49562048912048,2.33571791648865
"199",0,32,33,122.4854247,74.55414234,12.66640491,1.9,55.7,49.3,9.2,3.4,3.0988275,6.118776245,47.22222222,14.2,65.1,23,23,11703,1,0,0,199,2010,0.916539907455444,-1.45863151550293,1.01861786842346
"200",7,32,39,127.5079422,79.18567936,3.156693086,2.4,54.3,44.7,10.2,7.6,0.7240547,9.966024915,60.48109966,12.8,68.5,23,67,11703,1,0,0,200,2011,0.551302671432495,0.794970631599426,0.611229360103607
"201",2,21,23,127.9862772,80.62757296,3.383114796,1.8,55.8,44.9,9.7,7.7,0.7747796,11.38828633,59.82905983,11,68.4,23,111,11703,1,0,0,201,2012,0.140822470188141,-0.244034931063652,0.309255927801132
"202",0,28,28,135.810471,84.99694751,2.137795391,1.8,56.2,44.3,9.1,9.7,0.4531722,8.957654723,68.18181818,11.3,68.8,23,155,11703,1,0,0,202,2013,-0.149575918912888,-1.89759933948517,0.123529046773911
"203",2,14,16,136.2204724,84.75663191,3.156693086,1,55.2,44.9,7.1,8.4,0.6777108,8.543793659,56.78571429,10.9,70.8,23,199,11703,1,0,0,203,2014,-0.64491868019104,-0.678435444831848,-0.52481746673584
"204",5,15,20,138.1679792,85.36834435,1.798162826,1.1,53.4,45.1,8.5,7.7,0.3711952,10.25380711,72.6618705,11.3,68.8,23,243,11703,1,0,0,204,2015,-0.149942621588707,0.418642938137054,-0.185988813638687
"205",0,10,10,141.2771566,86.48253486,2.024584536,0.9,57.8,47.4,7.9,5.1,0.411423,7.339015152,62.5,10.8,70.4,23,287,11703,1,0,0,205,2016,-0.710390567779541,-1.67168927192688,-0.553028464317322
"206",1,18,19,145.3771709,89.19154708,2.137795391,1.4,55.8,50.4,11.1,5.8,0.4233302,7.968313141,59.375,12.5,70.6,23,331,11703,1,0,0,206,2017,0.0916967839002609,-0.82438725233078,0.117297679185867
"207",4,14,18,146.948843,90.91745003,2.930271376,1.7,55.2,50.3,12.3,4,0.5816659,8.802502234,61.37071651,10.6,71.2,23,375,11703,1,0,0,207,2018,0.225206807255745,0.49166214466095,0.0538750514388084
"208",0,5,5,281.1901422,169.8502013,4.628434201,5.4,40.3,48.4,14.4,6,0.486204,0.316182811,6.875,24.1,50.7,24,24,11705,0,0,0,208,2010,-1.84133386611938,-2.16035604476929,-1.70899748802185
"209",1,6,7,278.6618001,171.2265543,0.666054275,4.5,40.5,47.9,12.1,6,0.0613271,0.369843528,7.738095238,20.4,53.6,24,68,11705,0,0,0,209,2011,-1.67057967185974,-1.55984950065613,-1.66294002532959
"210",0,9,9,280.9509747,172.6684479,10.96824208,3.6,39.5,48,12.2,7.5,1.1678832,1.130901894,21.8579235,19.8,49.5,24,112,11705,0,0,0,210,2012,-1.41749751567841,-2.22393751144409,-1.24910581111908
"211",2,1,3,282.6934807,174.6565133,3.269903941,5.1,40.1,47.7,19,9,0.3385322,0.985792983,18.27956989,21,44.6,24,156,11705,0,0,0,211,2013,-2.28901982307434,-1.10854363441467,-2.70426273345947
"212",1,2,3,274.6642862,167.9058296,13.45888089,5.3,41.8,48.8,16.7,8.7,1.4683922,1.316919553,18.62348178,20.1,46.9,24,200,11705,0,0,0,212,2014,-2.23660373687744,-1.5290789604187,-2.3404061794281
"213",1,0,1,270.5301052,164.8909612,13.11924833,5.1,40.9,49,18.1,10.1,1.4529375,1.418439716,18.58736059,18.8,47.7,24,244,11705,0,0,0,213,2015,-2.93276691436768,-1.64318883419037,-3.22950625419617
"214",0,1,1,278.832634,167.840289,26.13849666,6,40.5,47.6,21.5,7.5,2.8193185,1.735106998,22.72727273,18.9,47.7,24,288,11705,0,0,0,214,2016,-2.85536670684814,-2.18335247039795,-2.66271495819092
"215",0,2,2,298.3077016,182.08445,21.94969502,6.7,40.3,47.6,21.3,6.7,2.2112741,0.479683973,12.23021583,19,49.7,24,332,11705,0,0,0,215,2017,-2.64928150177002,-2.2855179309845,-2.47432684898376
"216",0,5,5,311.4277471,187.8083307,29.3084006,6.3,40.3,46.8,19.3,6.5,2.8314311,0.465243569,12.31884058,18.9,49.9,24,376,11705,0,0,0,216,2018,-2.12056684494019,-2.35176491737366,-1.91708850860596
"217",0,1,1,88.48947342,56.61785981,0.1,23,36.2,51.6,43.8,15.2,0,51.58227848,80.33514046,5.9,65.8,25,25,11800,1,0,0,217,2010,0.352775275707245,-0.0845141708850861,0.45690992474556
"218",0,7,7,86.16613203,54.89195686,1.00568684,25.1,35,56.8,44.4,20.4,0.3175863,51.54939847,82.25712624,8.6,63.7,25,69,11800,1,0,0,218,2011,2.36073660850525,-0.112515293061733,2.39398384094238
"219",0,1,1,85.65363025,54.32393817,1.911373681,27.7,34.2,55.4,46.9,24,0.6389776,53.13444109,85.58394161,8.3,67.1,25,113,11800,1,0,0,219,2012,0.0597271770238876,-0.169441983103752,0.124531626701355
"220",0,3,3,85.89279774,54.49871315,0.32642171,23.9,38.2,55.7,42.7,19.4,0.0796495,51.68456127,86.97819315,8.5,66.8,25,157,11800,1,0,0,220,2013,1.3531619310379,-0.115129828453064,1.39897835254669
"221",0,3,3,86.37113274,54.67348813,0.213210855,25.2,33.9,55,48.1,19.6,0.039604,47.19810576,82.48275862,8.6,66.8,25,201,11800,1,0,0,221,2014,0.98664402961731,-0.188759282231331,1.03730058670044
"222",0,3,3,86.88363452,54.87010999,0.1,21.6,38.6,54.1,42.8,18.3,0,47.06319703,83.39920949,9.2,65.9,25,245,11800,1,0,0,222,2015,1.03915202617645,-0.171311751008034,1.11666071414948
"223",0,0,0,87.08863523,54.89195686,0.1,17.8,43.3,54.9,37.2,8.5,0,49.48047295,86.74623116,6.8,70.3,25,289,11800,1,0,0,223,2016,-0.50023752450943,-0.0495620407164097,-0.46702915430069
"224",0,0,0,87.05446844,54.49871315,0.1,13.4,42.2,58.7,38.6,6.1,0,48.76150035,85.3250774,6.4,71.4,25,333,11800,1,0,0,224,2017,-0.372897922992706,-0.0365877188742161,-0.375707715749741
"225",0,1,1,86.74696738,54.34578504,0.55284342,17,41.2,58.8,42.7,8.9,0.1577287,50.65312046,87.74355751,7,71.6,25,377,11800,1,0,0,225,2018,0.915439426898956,-0.0407847538590431,0.861626923084259
"226",59,155,216,176.1956111,107.6740014,23.19501443,20.7,31.1,54.6,45.2,15.6,3.9580908,3.433476395,45.93301435,42.5,27.9,26,26,11902,1,0,0,226,2010,2.83175253868103,2.91337060928345,2.54375958442688
"227",37,171,209,187.5389838,110.3393199,42.78049235,20.5,30.6,56.8,45.1,18.1,6.8720379,2.148227712,45.80152672,42.6,29.5,26,70,11902,1,0,0,227,2011,2.43586444854736,1.900266289711,2.25942850112915
"228",36,163,200,202.469869,117.701716,57.15827094,19.6,30.1,52,45.3,23.4,8.5092014,2.167630058,41.09589041,41,28.8,26,114,11902,1,0,0,228,2012,1.42113983631134,0.997339963912964,1.42531383037567
"229",42,132,176,208.2440557,120.279647,59.64890975,19.1,30,52.5,47.5,23.6,8.6342745,1.94966324,36.42384106,40.6,28.4,26,158,11902,1,0,0,229,2013,1.27779150009155,1.10703945159912,1.1885838508606
"230",36,125,162,209.7473942,122.333253,54.66763213,24.3,28.8,47.1,52.4,30.1,7.8552803,0.492264416,11.96581197,40,26.9,26,202,11902,1,0,0,230,2014,0.126676633954048,0.0216755587607622,0.220041170716286
"231",68,155,231,216.307417,125.7632121,54.10157785,25.5,27.9,45.1,48.7,30.1,7.5379267,0.450294423,11.60714286,32.6,28.8,26,246,11902,1,0,0,231,2015,0.234537094831467,0.496700942516327,0.233274832367897
"232",29,101,133,210.5332303,123.1852811,47.87498082,24.3,30.2,42.6,46.9,28.4,6.8517616,0,0,28.4,27.1,26,290,11902,1,0,0,232,2016,-0.289144784212112,-0.223774164915085,-0.107971541583538
"233",22,109,131,205.1348782,124.1246966,26.81776179,23.9,31,42.4,45.5,30.9,3.9326779,0,0,32.7,25.7,26,334,11902,1,0,0,233,2017,-0.395352303981781,-0.565477073192596,-0.137637704610825
"234",21,81,102,202.7432033,119.5587002,38.81811242,28.5,31.9,38.5,45,35.2,5.7663126,0,0,31.8,25.4,26,378,11902,1,0,0,234,2018,-1.37278807163239,-1.24393975734711,-1.02387917041779
"235",93,187,281,234.1083121,129.4771804,32.25188283,55.8,20.6,46.2,70.1,42.1,4.1465907,3.123794832,16.10337972,34.4,38.8,27,27,11903,0,0,0,235,2010,-0.655832350254059,-0.170140445232391,-0.791321873664856
"236",86,196,283,246.4425216,135.4850704,31.68582855,56.3,21.2,46.4,70.9,42.2,3.8696255,0.973782772,6.516290727,32.7,39.9,27,71,11903,0,0,0,236,2011,-0.894893169403076,-0.538146257400513,-1.0098067522049
"237",42,159,202,261.168406,154.0767591,32.81793711,59.2,21.3,51.2,77.5,37.4,3.7822275,4.018998904,18.30282862,36,38.2,27,115,11903,0,0,0,237,2012,-0.153377398848534,-0.226535558700562,-0.296373397111893
"238",66,142,211,274.8351201,159.429243,49.00708938,61.5,20.8,47.3,78.1,43.5,5.3724661,4.67877095,21.50882825,35.3,36.3,27,159,11903,0,0,0,238,2013,-0.956829249858856,-0.54647433757782,-1.09969997406006
"239",50,166,217,295.1985241,166.7697922,70.06430841,63,20.8,46.2,81.1,47.7,7.1552622,6.417812705,30.29366306,33.8,28.9,27,203,11903,0,0,0,239,2014,-1.12703621387482,-1.02320337295532,-1.05573439598083
"240",51,144,196,302.9543844,166.1580798,111.0466379,66.1,20.9,47.7,82.9,48.6,11.0559567,5.669442665,30,34.8,27.4,27,247,11903,0,0,0,240,2015,-1.3315315246582,-1.23489892482758,-1.30087947845459
"241",43,157,202,310.7444114,171.7508792,116.1411264,63.4,20.9,51,84.1,46.3,11.2736472,4.700315457,24.91638796,31.6,34.9,27,291,11903,0,0,0,241,2016,-1.20452630519867,-1.42617130279541,-1.22643971443176
"242",38,167,205,299.1618712,164.9783487,109.0088425,65.4,20.9,49,83.3,48.9,10.9905175,3.124023743,18.5528757,28.2,39.5,27,335,11903,0,0,0,242,2017,-1.82624387741089,-2.14646744728088,-1.75599300861359
"243",38,136,174,308.113569,168.8015514,108.4427883,65.3,21.1,48.1,81.8,43.4,10.6156406,2.685185185,14.12337662,27.6,38,27,379,11903,0,0,0,243,2018,-1.55071485042572,-1.62491714954376,-1.52508997917175
"244",4,58,63,62.83021771,39.16220848,2.024584536,6,38.4,45.4,29.1,5.8,0.9259259,9.85306828,64.40677966,12.8,68.6,28,28,11904,0,0,0,244,2010,1.94640791416168,1.09791970252991,2.08333945274353
"245",10,41,55,58.59353634,35.81963695,1.68495197,5.5,36.4,49.3,29.5,4.2,0.817757,10.19708655,44.23791822,14.1,70.2,28,72,11904,0,0,0,245,2011,2.30595779418945,2.41566872596741,2.10946083068848
"246",6,34,40,56.30436172,32.60814665,13.23245918,5.3,41.6,45.4,35.5,5.7,7.0516717,10.32986111,46.12403101,18,61.8,28,116,11904,0,0,0,246,2012,1.70589900016785,1.62803030014038,1.8502893447876
"247",1,30,31,55.99686066,32.69553414,10.96824208,5.4,41.5,44.1,35.9,3.7,5.8679707,13.40734415,59.02255639,16.6,62.4,28,160,11904,0,0,0,247,2013,1.79112792015076,0.314240664243698,2.08708834648132
"248",4,25,30,59.27687204,34.98945578,10.28897695,10.2,40.6,43.4,38.6,3.2,5.1963048,11.66077739,56.41025641,16.5,64,28,204,11904,0,0,0,248,2014,1.52790987491608,1.4754593372345,1.65651667118073
"249",3,22,27,64.94855839,37.85139611,12.4399832,8.7,41.4,43.2,39.6,4.7,5.7428872,8.470181504,46.22641509,14.1,67.8,28,248,11904,0,0,0,249,2015,0.776659309864044,0.525560796260834,0.891802906990051
"250",1,26,27,77.07776715,46.02212652,12.89282662,10.1,41.5,40.9,40.3,10.2,5.0155348,8.293075684,57.86516854,12.3,62.9,28,292,11904,0,0,0,250,2016,0.103523813188076,-0.883417785167694,0.471023589372635
"251",2,63,65,83.53528956,49.6487074,12.32677234,12.8,41.7,44.3,37.2,12.8,4.4226044,8.949416342,52.0361991,9.8,61.3,28,336,11904,0,0,0,251,2017,1.05874872207642,-0.427207291126251,1.34145176410675
"252",6,24,30,96.92866938,58.88993457,8.817235838,15,38.3,49.2,43.6,14.8,2.7170078,3.633610901,36.64122137,10.5,55.4,28,380,11904,0,0,0,252,2018,0.175547987222672,0.19484181702137,0.10375738888979
"253",19,121,141,213.7107413,121.8089281,33.38399138,6.5,41.6,50.7,20.7,7.1,4.7024952,7.072135785,52.08333333,19.2,47.9,29,29,12001,1,0,0,253,2010,2.23267531394958,1.85236215591431,2.2287449836731
"254",12,139,152,213.2324063,125.3044277,21.83648417,6.3,41,47.4,22.4,8.6,3.0779096,5.009009009,41.9939577,20.3,51.6,29,73,12001,1,0,0,254,2011,1.6625075340271,0.847298443317413,1.790207862854
"255",7,72,79,219.4165945,125.5884371,29.76124402,7.2,40.2,45.8,22.2,6.9,4.0816327,3.880803881,31.2849162,17.2,54.8,29,117,12001,1,0,0,255,2012,0.781041979789734,0.145423114299774,0.942001819610596
"256",6,117,123,215.4874142,120.7384313,42.32764893,6.9,41.2,48.9,26.1,8.6,5.9168782,8.142239947,47.02495202,22.1,52.1,29,161,12001,1,0,0,256,2013,1.71076619625092,0.385838866233826,1.8779274225235
"257",10,85,95,220.6807655,127.5328088,46.06360714,7.2,41.8,49,26.9,8.2,6.2887237,6.151832461,36.93516699,22.6,56.4,29,205,12001,1,0,0,257,2014,1.15365052223206,0.561968684196472,1.24392104148865
"258",22,89,111,233.0833086,135.0262861,41.76159465,6.4,40.8,49.1,27.1,8.1,5.3966857,4.993556701,33.33333333,27.7,54.1,29,249,12001,1,0,0,258,2015,1.28431785106659,1.3059219121933,1.25326943397522
"259",15,71,86,231.6141368,129.3897929,53.42231272,4.9,41.5,50.5,27.5,8.9,6.9510035,5.683269476,32.72058824,27,53.6,29,293,12001,1,0,0,259,2016,1.09584975242615,0.90990161895752,1.08553004264832
"260",15,67,84,242.8550091,137.5386765,56.2525841,6.6,42.4,49.2,27.3,10.5,6.9809993,5.203761755,35.69892473,26.3,55.8,29,337,12001,1,0,0,260,2017,0.662046730518341,0.538580179214478,0.650981783866882
"261",18,41,60,253.1392115,143.3499446,29.64803316,9.2,40.7,45.5,27.9,13.3,3.5241696,1.897533207,21.81818182,23.5,55.5,29,381,12001,1,0,0,261,2018,-0.414494603872299,0.0898079797625542,-0.521303057670593
"262",0,4,4,131.983791,79.53522932,4.515223346,7,41.9,48.9,22.8,5.2,1.0103627,0,0,22.2,55.8,30,30,12004,0,0,0,262,2010,-1.41700387001038,-1.73640441894531,-1.3118292093277
"263",1,16,17,137.3138095,82.15685405,4.854855911,6.9,42,48.7,21.3,3.8,1.0458167,0,0,20.6,58.6,30,74,12004,0,0,0,263,2011,-0.125335305929184,-0.971257746219635,-0.0838960036635399
"264",1,12,13,131.9154575,80.23432925,2.137795391,4.4,44.3,49.6,15.3,5.8,0.466563,0,0,15.7,61.9,30,118,12004,0,0,0,264,2012,-0.561209857463837,-1.15918576717377,-0.55694967508316
"265",4,13,17,128.2254447,75.18770165,6.666229592,4.5,44.8,47.9,15.1,5.7,1.5466667,1.75879397,16.27906977,17.4,60.9,30,162,12004,0,0,0,265,2013,-0.253643959760666,0.0123806819319725,-0.366086483001709
"266",2,9,11,126.6879393,75.69017972,4.515223346,3.8,46.1,47,15.9,5.2,1.0526316,1.801242236,22.30769231,14.4,60.7,30,206,12004,0,0,0,266,2014,-0.661604344844818,-0.5345818400383,-0.684130311012268
"267",0,7,7,129.5921161,78.00594823,3.722747361,3.7,44.9,47.4,15.6,6.7,0.8443272,3.035935564,39.51612903,13.3,57.1,30,250,12004,0,0,0,267,2015,-0.981397688388824,-1.70645701885223,-0.813549637794495
"268",0,7,7,124.2279308,73.57103306,9.270079258,4,46.7,48.4,15.7,7.2,2.2295623,3.29807094,40.45801527,16.1,53.2,30,294,12004,0,0,0,268,2016,-0.796342551708221,-1.62312495708466,-0.63122683763504
"269",1,8,9,122.6562587,74.68522357,9.496500968,4.8,46.9,50,15.8,6.5,2.3139113,3.161810291,38.34586466,16.4,55.6,30,338,12004,0,0,0,269,2017,-0.461751312017441,-0.783497393131256,-0.458660334348679
"270",0,7,7,127.8837768,77.89671387,5.194488477,5.3,46.6,50.1,16.6,5.1,1.2032086,1.564455569,52.08333333,13.1,58.1,30,382,12004,0,0,0,270,2018,-0.777487397193909,-1.6410961151123,-0.696989774703979
"271",10,45,56,129.5579493,76.08342343,29.3084006,11.1,43.5,47,26.3,4,6.8091845,1.958708311,21.14285714,26.2,51.2,31,31,12006,0,0,0,271,2010,1.22544491291046,1.17658603191376,1.23156535625458
"272",10,63,73,123.1345937,70.2503084,38.13884729,10.4,47.5,41.4,30,9.3,9.3307415,2.125398512,19.60784314,21.7,45.7,31,75,12006,0,0,0,272,2011,0.743558824062347,0.544562458992004,1.0470210313797
"273",3,52,55,122.3487576,70.11922717,36.78031703,9.2,50.3,39.7,32.7,8.9,9.0553382,1.676270299,16.7539267,20.9,47.4,31,119,12006,0,0,0,273,2012,0.280181229114532,-0.688874959945679,0.716147482395172
"274",19,57,76,127.2004411,74.29197986,31.79903941,9.6,49.9,38.7,32.5,10.6,7.5268817,3.186646434,31.34328358,20.3,45.8,31,163,12006,0,0,0,274,2013,0.548142313957214,1.08091843128204,0.776156485080719
"275",3,49,52,135.0246349,74.64152983,48.66745681,8.6,49,43.3,32.4,10.8,10.8635097,1.084710744,15.2173913,19,47.7,31,207,12006,0,0,0,275,2014,0.124784655869007,-0.949945867061615,0.487868815660477
"276",10,37,48,136.8354745,76.54220776,30.89335257,6.5,50.6,44.7,30.8,12.9,6.7966017,1.146430433,15.17241379,17.1,48.3,31,251,12006,0,0,0,276,2015,0.04212911054492,0.122478149831295,0.132639989256859
"277",23,46,70,143.0538295,79.88477929,27.83665948,8.5,46.6,47.2,29.4,7.4,5.8556405,1.336073998,14.13043478,17.6,57,31,295,12006,0,0,0,277,2016,0.821823596954346,1.3577481508255,0.622975170612335
"278",19,43,63,149.9896869,82.94334147,31.68582855,9.9,45,48.7,29.3,8.2,6.3596991,1.168105637,15.6462585,16.9,55.2,31,339,12006,0,0,0,278,2017,0.751206398010254,1.12993371486664,0.556166768074036
"279",7,45,52,155.0805379,83.79536951,33.95004566,9.7,45.8,47.6,26.5,7.8,6.5917108,0,0,17.1,54.2,31,383,12006,0,0,0,279,2018,0.411974191665649,0.014740964397788,0.484837085008621
"280",13,23,37,123.4762615,77.0665327,2.817060521,13.8,46.4,38.1,26,9.7,0.6646358,5.849132715,42.89940828,29.3,36.8,32,32,12007,0,0,0,280,2010,0.620270013809204,1.67004084587097,0.596012234687805
"281",14,46,60,122.6904255,75.60279223,7.685127287,8,39.2,44.9,33.1,13,1.8673356,4.966229638,40.06410256,21,44.7,32,76,12007,0,0,0,281,2011,0.951088786125183,1.27399182319641,0.982939422130585
"282",5,32,38,129.1479479,76.12711717,9.156868403,6.6,38,47.2,33.9,9.9,2.1180831,2.859477124,24.22145329,19.9,46.1,32,120,12007,0,0,0,282,2012,0.684228003025055,0.341017246246338,0.729321658611298
"283",20,23,43,126.9954404,75.95234219,7.911548997,3.6,38.1,46.6,34.8,9.5,1.8578352,4.143201931,35.15358362,20,48.1,32,164,12007,0,0,0,283,2013,0.847119212150574,1.80632650852203,0.461895078420639
"284",16,40,57,141.2771566,84.82217253,8.590814128,4.1,37.2,46.7,31.3,11.1,1.8151016,3.477218225,35.22267206,17.5,50.9,32,208,12007,0,0,0,284,2014,0.73507422208786,1.16388761997223,0.616296768188477
"285",5,33,38,145.6505051,88.5361409,7.119073012,3.4,38.2,48.8,31.4,10.2,1.4553991,2.428515472,30.84577114,16.6,48.3,32,252,12007,0,0,0,285,2015,0.563063144683838,0.157369807362556,0.593024671077728
"286",12,28,40,140.0471524,84.64739755,10.74182037,5.3,45.4,44.9,24.3,9.5,2.2949219,0.710619818,7.5,14.9,49.9,32,296,12007,0,0,0,286,2016,0.201438575983047,0.720074653625488,0.11951719224453
"287",6,34,40,142.0288259,87.70595973,16.40236313,9.5,44.8,43.9,31.1,15.7,3.4665383,0.680015111,7.438016529,13.7,50,32,340,12007,0,0,0,287,2017,-0.493297785520554,-0.646803796291351,-0.324549615383148
"288",12,42,55,150.8780233,90.02172824,33.72362395,7.8,42.2,46.5,36.6,16,6.7301156,0,0,15.3,49.3,32,384,12007,0,0,0,288,2018,-0.186541140079498,-0.16723757982254,-0.15141336619854
"289",1,28,29,189.6914913,92.73074046,64.2905548,14.6,29.9,43.2,35,14.5,10.2180573,1.857806359,19.18819188,31.8,40.4,33,33,12008,0,0,0,289,2010,-0.791259407997131,-1.95647299289703,-0.398315131664276
"290",5,25,31,190.6823281,95.0246621,59.53569889,13.6,30.4,41.9,38,14.9,9.4119756,1.541218638,21.39303483,26.1,42.9,33,77,12008,0,0,0,290,2011,-0.961038410663605,-1.00318229198456,-0.717339038848877
"291",18,27,45,194.4748412,91.72578432,75.95127287,14.2,29.6,40,36.9,15.7,11.7771137,0.354107649,3.164556962,21.3,46.2,33,121,12008,0,0,0,291,2012,-1.11275672912598,-0.301021844148636,-1.08392632007599
"292",5,29,34,193.244837,95.22128396,67.00761533,14,30.4,42.3,35.1,17.2,10.4546259,0,0,27,43.6,33,165,12008,0,0,0,292,2013,-1.23918962478638,-1.43268406391144,-0.935284852981567
"293",4,23,27,180.0222911,92.70889359,66.21513934,15.4,31.3,42.6,37.6,16.6,11.0900114,0,0,23,40.6,33,209,12008,0,0,0,293,2014,-1.22562325000763,-1.40638554096222,-0.926151752471924
"294",11,24,35,189.5206574,100.0931366,67.12082618,9.8,31.9,43,34.9,16.6,10.6782107,0,0,24,39.9,33,253,12008,0,0,0,294,2015,-0.967668771743774,-0.527248620986938,-0.876130223274231
"295",5,27,32,188.4956538,98.89155858,88.40446693,11,33.1,45,36.2,15.4,14.1458107,0,0,26.6,38,33,297,12008,0,0,0,295,2016,-0.811531007289886,-1.11970007419586,-0.538240134716034
"296",3,29,36,192.288167,101.2073271,84.89493042,13.5,33.9,48.9,38.9,13.3,13.3155556,0,0,25.3,37.8,33,341,12008,0,0,0,296,2017,-0.182727247476578,-1.15354204177856,-0.0929901525378227
"297",4,16,20,204.8957107,106.1447203,101.3105044,11.5,35.2,48.5,38.6,9.2,14.9149149,0,0,21.9,40.9,33,385,12008,0,0,0,297,2018,-0.633679032325745,-0.773897647857666,-0.535609424114227
"298",20,42,62,238.3108267,125.8287527,89.19694291,9.7,41.1,49.9,28.8,10,11.2880092,1.601671309,20.44444444,19.1,50.4,34,34,12009,0,0,0,298,2010,0.265192627906799,0.578128337860107,0.109757103025913
"299",15,54,69,239.9508324,126.9210963,105.8389386,8.7,40.2,50.3,29.5,10.5,13.3048433,1.468531469,19.62616822,14.5,53.1,34,78,12009,0,0,0,299,2011,0.186014637351036,0.0552499853074551,0.188162729144096
"300",18,34,53,245.9983534,129.1057836,100.7444501,9.8,39.9,50.3,30.6,9.2,12.352369,0,0,15.3,53.9,34,122,12009,0,0,0,300,2012,-0.096901960670948,0.219726741313934,-0.318517833948135
"301",13,40,54,241.9666727,134.2834924,79.80044194,7.9,42.6,48.1,26.3,3.7,9.9449075,0,0,11.9,58.3,34,166,12009,0,0,0,301,2013,0.184276565909386,0.328144013881683,0.109230548143387
"302",9,15,24,242.3425074,138.1722358,63.38486796,6.6,44,49.4,23.2,3.9,7.8843441,1.135581555,20.24539877,15.2,55.3,34,210,12009,0,0,0,302,2014,-0.287846863269806,0.288695752620697,-0.569480240345001
"303",10,45,55,237.7983249,137.9974608,44.25223346,7.5,45.7,48.5,23,4.8,5.6058646,1.307189542,20.21276596,16.1,55.2,34,254,12009,0,0,0,303,2015,0.483919084072113,0.40773931145668,0.459567159414291
"304",30,32,62,240.5658345,141.5366542,25.57244238,7.8,44,46.6,22.7,5.3,3.1969309,2.913279133,28.28947368,16.7,56.5,34,298,12009,0,0,0,304,2016,0.547984540462494,1.58955216407776,0.0935092568397522
"305",12,24,36,244.5291816,147.0202193,11.19466379,6.4,43.6,45.4,21.3,5.6,1.369863,4.01459854,34.57142857,16.4,56.1,34,342,12009,0,0,0,305,2017,0.0185672901570797,0.763824820518494,-0.156508818268776
"306",0,30,30,253.0025444,149.0301315,21.4968516,7.8,41.9,48,24.2,5.8,2.553364,4.183006536,41.15755627,19.8,48.1,34,386,12009,0,0,0,306,2018,0.250073909759521,-1.81623470783234,0.427599459886551
"307",3,29,32,166.7655784,102.9769238,14.25135688,6.5,39.5,47.7,15.1,4.8,2.5625256,0,0,25.2,43,35,35,12010,0,0,0,307,2010,0.636821985244751,-0.050467062741518,0.718973278999329
"308",2,33,36,162.4947303,100.9670115,8.817235838,7.5,39.8,46.3,11.5,4,1.6200295,0,0,24.3,42.4,35,79,12010,0,0,0,308,2011,0.793692886829376,-0.292896717786789,0.908823549747467
"309",0,21,21,163.485567,98.9570992,11.53429636,7.2,41.7,47,12.8,2.1,2.112087,1.734693878,33.66336634,20.2,44.7,35,123,12010,0,0,0,309,2012,0.521628022193909,-1.41181802749634,0.702853083610535
"310",3,20,23,174.7947729,104.3969705,18.44015852,6.7,40.2,47,16.3,2.6,3.1683943,1.476578411,34.11764706,21.4,41.9,35,167,12010,0,0,0,310,2013,0.546347141265869,0.226961508393288,0.609375298023224
"311",2,28,30,173.8722697,102.6929144,18.55336937,7,41.2,47,17,5.6,3.2048761,1.621073961,40,21.9,41.8,35,211,12010,0,0,0,311,2014,0.556191325187683,-0.371527642011642,0.704448699951172
"312",1,9,10,179.5439561,106.035486,20.02511049,6.9,40.7,46.6,18.2,6,3.3511043,2.119071645,43.75,21.8,37.7,35,255,12010,0,0,0,312,2015,-0.440427243709564,-0.789474010467529,-0.304481267929077
"313",2,13,15,176.2297779,103.2172394,20.70437562,6.8,41.9,45.4,19.3,6.1,3.5305529,2.080237741,63.63636364,21.8,39.9,35,299,12010,0,0,0,313,2016,-0.217235773801804,-0.405945956707001,-0.086023360490799
"314",1,8,9,187.0264821,109.3562106,21.04400818,6.4,41.1,45.8,20.8,8.3,3.3814659,0.853485064,42.85714286,21.5,40.8,35,343,12010,0,0,0,314,2017,-1.04688918590546,-1.2236328125,-0.893683850765228
"315",0,5,5,183.3023025,104.7028267,24.66675554,8.7,41.7,47.8,22.8,8,4.0469974,2.03892493,100,21.4,44.4,35,387,12010,0,0,0,315,2018,-1.41104996204376,-1.86040842533112,-1.21008288860321
"316",13,45,58,264.3800839,144.3985945,52.29020417,8.9,38.4,49.3,25.5,6.4,5.9599224,0.430239705,11.47540984,38.3,29.5,36,36,12101,0,0,0,316,2010,1.16528928279877,1.17764675617218,1.11266601085663
"317",2,40,42,272.8534466,145.2506226,62.25275941,8.3,38.4,49,26.2,7.7,6.8771139,0.408878505,10.9375,38.8,23.7,36,80,12101,0,0,0,317,2011,0.839081287384033,-0.59852147102356,1.02958619594574
"318",12,37,49,282.5568136,150.2972502,61.34707257,7,38.1,48.9,24.8,11.7,6.544091,2.892445942,52.55102041,36.6,23.4,36,124,12101,0,0,0,318,2012,0.796226620674133,0.881332516670227,0.784925162792206
"319",4,23,27,276.919294,145.9715694,54.21478871,8.3,38.9,48.9,28.4,14.8,5.8997778,4.634831461,57.89473684,38.3,22.5,36,168,12101,0,0,0,319,2013,0.126083344221115,-0.232199043035507,0.245272144675255
"320",6,28,34,286.4518271,148.4184191,85.23456299,7.6,39,46.6,28.7,17.3,8.9726763,3.993390251,58.46774194,36.1,23,36,212,12101,0,0,0,320,2014,-0.243511572480202,-0.433894217014313,-0.0441281758248806
"321",9,25,35,289.2535035,145.1195413,90.32905146,7.2,39.2,47,31.4,20,9.4174643,3.935552034,54.37956204,35,25,36,256,12101,0,0,0,321,2015,-0.529297590255737,-0.405633449554443,-0.464059412479401
"322",8,44,52,292.6018485,149.816619,87.27235838,9.5,39,47.6,33,22.2,8.9942764,5.32162232,70.54794521,32.2,28,36,300,12101,0,0,0,322,2016,-0.28252175450325,-0.650230228900909,-0.0708051472902298
"323",5,12,17,307.6010672,154.9506341,94.06500968,10,39.2,46.4,32.4,18.5,9.2222222,2.665006227,29.47658402,33.1,32.2,36,344,12101,0,0,0,323,2017,-1.53255641460419,-1.19384372234344,-1.48324072360992
"324",9,21,30,310.1977429,158.9704586,109.5748968,11.5,40.2,48.6,31.4,19.5,10.6544733,2.31990232,28.70090634,30.7,32.7,36,388,12101,0,0,0,324,2018,-0.996898114681244,-0.780238449573517,-1.01163733005524
"325",0,3,3,147.427178,88.60168151,17.42126082,5.1,44.1,46.1,19.8,3.5,3.5482375,2.242391885,38.18181818,18.9,53,37,37,12103,0,0,0,325,2010,-1.61178696155548,-1.64484286308289,-1.39773058891296
"326",0,4,4,142.5413277,86.56992235,20.70437562,4,45,43.4,20.1,5.6,4.3655553,4.997341839,63.94557823,24.8,48.6,37,81,12103,0,0,0,326,2011,-1.41262221336365,-1.59374856948853,-1.09063160419464
"327",0,1,1,145.1721701,85.87082242,31.68582855,5.6,44.3,45.4,20.4,2.4,6.5708902,5.125408942,83.92857143,27,47.2,37,125,12103,0,0,0,327,2012,-1.91742348670959,-1.37085950374603,-1.65761876106262
"328",2,0,2,139.7396513,84.99694751,18.77979108,5.8,43.4,46.9,21.6,4.1,4.0371911,3.993344426,48.97959184,26,48.2,37,169,12103,0,0,0,328,2013,-1.57736003398895,-0.0731631815433502,-2.31985974311829
"329",0,2,2,144.7280019,90.06542199,11.19466379,6.5,44.7,46.1,20.5,3.5,2.3151429,4.518236255,73.45132743,25.3,46.4,37,213,12103,0,0,0,329,2014,-1.47941184043884,-1.32407557964325,-1.27247262001038
"330",0,1,1,139.2271495,84.69109129,16.62878484,5.4,45.6,47.1,20.8,4.5,3.5854617,4.222222222,69.09090909,24.3,47.2,37,257,12103,0,0,0,330,2015,-1.92161059379578,-1.40658390522003,-1.72340750694275
"331",0,0,0,147.3588444,90.10911573,10.51539866,6,45.6,49.5,19.2,5.2,2.1345708,0.495867769,18,20.7,49.1,37,301,12103,0,0,0,331,2016,-2.66962480545044,-1.6506986618042,-2.54300045967102
"332",0,0,0,152.2788615,93.51722788,9.949344388,6.9,46.7,49.6,19.1,6.8,1.9533004,0.499445061,18.36734694,20.9,50.9,37,345,12103,0,0,0,332,2017,-2.83817672729492,-1.80320191383362,-2.71221089363098
"333",0,0,0,152.5863625,91.81317181,10.85503123,6.6,48.5,48.8,20.3,5,2.128613,4.343045629,88.76404494,21.2,48.5,37,389,12103,0,0,0,333,2018,-2.48159122467041,-1.42396461963654,-2.33594655990601
"334",0,0,0,173.2231008,95.48344643,46.40323971,8.5,40.6,49.8,24.2,8,8.0718374,3.14324203,34.14634146,33.5,32.8,38,38,12104,0,0,0,334,2010,-2.50981664657593,-1.57170450687408,-2.31041717529297
"335",0,0,0,176.9131136,99.678046,20.70437562,7.4,44.3,49.9,22.7,7.2,3.5169082,1.716917923,24.69879518,33.5,33.1,38,82,12104,0,0,0,335,2011,-2.46516561508179,-1.50817799568176,-2.31148958206177
"336",0,4,4,180.2614586,96.48840258,51.38451733,6,45.1,48.3,20.9,5.8,8.590935,4.249174917,43.6440678,31.6,35.5,38,126,12104,0,0,0,336,2012,-1.03022587299347,-1.50661396980286,-0.775586485862732
"337",0,1,1,182.8581343,97.82106182,48.78066766,5.3,45.4,47.6,22.8,9.5,8.0388858,3.686826843,43.2038835,35.1,33.6,38,170,12104,0,0,0,337,2013,-2.24189949035645,-1.75542604923248,-1.96919095516205
"338",0,0,0,191.6389981,104.9868361,44.13902261,6.2,45.5,48.1,20.5,12.1,6.9389939,5.076142132,40.7523511,34.8,33.9,38,214,12104,0,0,0,338,2014,-2.85268521308899,-1.82600343227386,-2.59844398498535
"339",0,0,0,195.6365119,113.1138727,42.55407064,7,46.3,50,21.3,12.5,6.5525074,6.200317965,53.97923875,33.9,33.8,38,258,12104,0,0,0,339,2015,-2.70752906799316,-1.72525668144226,-2.4963583946228
"340",0,4,4,216.1024163,124.8456434,43.23333577,6.8,42.7,47.2,22,11.9,6.0265739,6.48040357,41.75,33.1,33.6,38,302,12104,0,0,0,340,2016,-1.50221788883209,-1.78821682929993,-1.21181488037109
"341",0,0,0,226.4549522,136.6866484,12.10035063,9.6,41.7,49.3,26.4,10.5,1.6,5.473204105,46.3022508,28.7,37.4,38,346,12104,0,0,0,341,2017,-2.74599361419678,-1.67635333538055,-2.58282446861267
"342",0,2,2,222.3891048,134.9170517,12.21356149,4.9,41.8,46.5,21.3,11.4,1.6446357,5.836719616,51.13268608,25.2,40.8,38,390,12104,0,0,0,342,2018,-2.18971252441406,-1.87373292446136,-1.94379675388336
"343",0,0,0,360.8329186,199.6493357,71.76247124,6.1,40.5,48.7,22.6,5.4,5.9954537,5.922410235,49.56822107,27.1,35.9,39,39,12105,0,0,0,343,2010,-2.80764150619507,-1.73131465911865,-2.59778904914856
"344",0,15,15,384.8521686,217.0175995,73.46063406,5.5,39.3,50,22.7,7.4,5.7543735,6.546677215,54.53047776,27.8,34.8,39,83,12105,0,0,0,344,2011,-0.284829556941986,-1.80227565765381,-0.0805760100483894
"345",0,3,3,376.7546405,217.7822401,61.34707257,5.3,41.6,50.5,21.3,8.6,4.9074746,5.355441204,34.60591133,25.7,35.2,39,127,12105,0,0,0,345,2012,-1.81830453872681,-1.91945660114288,-1.64104962348938
"346",0,3,3,397.5280459,215.6849403,119.4242412,5.3,41.5,49.4,22.8,14.4,9.0612105,5.23791251,40.92953523,31.3,31.2,39,171,12105,0,0,0,346,2013,-2.42197632789612,-2.44438624382019,-2.13666391372681
"347",0,0,0,415.8756096,222.2826959,110.3673728,4.6,40.1,48.9,23.8,21.8,8.0039444,4.348644578,35.15981735,35.8,26,39,215,12105,0,0,0,347,2014,-3.96519136428833,-2.97200512886047,-3.64794850349426
"348",2,8,10,417.9256167,223.462427,150.7836481,6.5,41.2,49.8,24.6,17.8,10.8839643,5.806330774,43.60056259,34.4,26.4,39,259,12105,0,0,0,348,2015,-1.61132538318634,-1.61743009090424,-1.48553812503815
"349",1,2,3,404.5664037,213.5439468,146.2552139,6.6,42.4,47.8,24.8,17.6,10.9055584,5.165441176,40.31563845,32.9,27.7,39,303,12105,0,0,0,349,2016,-2.76252150535583,-2.13306283950806,-2.64852285385132
"350",1,4,5,405.796408,209.6988972,160.180149,4.8,40.2,45.3,24.8,20,11.9083712,6.888929821,60.32258065,31.1,30.7,39,347,12105,0,0,0,350,2017,-2.79112958908081,-2.42175936698914,-2.49429321289062
"351",3,1,4,386.4921743,218.7216556,71.08320611,5.1,40.9,46.9,23.6,14.7,5.5442568,7.11833785,60.61538462,25.5,37.2,39,391,12105,0,0,0,351,2018,-2.36076712608337,-1.06903803348541,-2.83555293083191
"352",1,0,1,95.66449832,61.20570308,0.1,2,42.4,53.9,22.6,10.4,0,44.0247678,81.44329897,25.1,43.8,40,40,12201,0,0,0,352,2010,0.803342819213867,2.09198331832886,-0.389939486980438
"353",0,0,0,102.0536872,64.87597771,2.251006246,1.4,46.4,58.3,24.1,8.8,0.6367292,41.96288141,82.6006192,28.3,33.2,40,84,12201,0,0,0,353,2011,-0.291585385799408,-0.0356254279613495,-0.266677796840668
"354",0,0,0,98.29534079,61.22754996,2.364217101,3.8,47,55.1,20,9.3,0.6958942,45.52489906,84.72135254,25.9,36.6,40,128,12201,0,0,0,354,2012,-0.31150010228157,-0.0286773163825274,-0.26464432477951
"355",0,0,0,101.8486865,63.65255283,1.23210855,7.9,47.9,52.2,22.9,11.7,0.3357958,44.47533009,83.7148463,26.8,33.1,40,172,12201,0,0,0,355,2013,-0.427100628614426,-0.0446664318442345,-0.347009181976318
"356",0,1,1,100.96035,63.45593098,1.23210855,9,47.3,53.7,21.8,11.6,0.3387534,47.63074763,89.15900131,24.3,37,40,216,12201,0,0,0,356,2014,1.00916051864624,-0.0307791493833065,1.08870136737823
"357",1,1,2,98.261174,62.01403738,0.1,12.5,47.9,48.3,21.5,14.6,0,48.08940159,87.5328084,26.3,35.7,40,260,12201,0,0,0,357,2015,1.33963787555695,2.10013723373413,0.844373047351837
"358",0,1,1,92.99948907,57.60096908,0.1,13.8,47.5,47.7,22.6,15.2,0,51.35510771,88.23880597,23.7,41.3,40,304,12201,0,0,0,358,2016,0.660924792289734,-0.0425482764840126,0.861696362495422
"359",0,0,0,94.91282905,59.19579079,0.1,9.9,49.9,47.2,28.5,16.9,0,50.43507363,87.92298716,24.4,44.1,40,348,12201,0,0,0,359,2017,-0.682212471961975,-0.0727229192852974,-0.517429411411285
"360",0,1,1,96.51866795,59.47980014,0.1,9.5,51.5,42.7,27.2,11.4,0,47.63157895,87.86407767,21.1,43.2,40,392,12201,0,0,0,360,2018,0.369750261306763,-0.0641819685697556,0.665267765522003
"361",0,0,0,98.09034008,59.56718763,15.15704372,11.6,39.8,47.3,26.7,16.2,4.637378,39.91157556,76.5612953,29.1,37.1,41,41,12202,0,0,0,361,2010,-0.981041789054871,-0.203345403075218,-0.767813086509705
"362",0,2,2,92.79448836,56.59601293,13.00603747,14,38.4,45.7,28.5,16,4.2019904,36.82526989,64.09185804,25.9,43,41,85,12202,0,0,0,362,2011,0.11512141674757,-0.304929405450821,0.446312338113785
"363",0,0,0,98.53450828,59.26133141,15.04383286,10.9,38.5,45.4,29.5,15.1,4.5817425,35.61181435,67.03733122,26.5,44.1,41,129,12202,0,0,0,363,2012,-1.31823909282684,-0.3501917719841,-1.05852496623993
"364",0,0,0,97.0995033,58.05975341,14.93062201,9.7,37.2,44.8,30.4,10,4.6143008,36.62940671,67.56542427,21.8,40.7,41,173,12202,0,0,0,364,2013,-0.978188812732697,-0.186184301972389,-0.752332866191864
"365",0,0,0,100.4136815,57.77574406,11.4210855,9.5,37.4,48.1,27,11.7,3.4059946,31.85336049,59.55826352,27.4,36.4,41,217,12202,0,0,0,365,2014,-1.03844118118286,-0.255616277456284,-0.854303300380707
"366",0,1,1,105.9145339,60.28813443,15.04383286,9.3,37.7,48.2,26.1,10.3,4.2621892,33.1067573,61.46993318,25.3,39.1,41,261,12202,0,0,0,366,2015,-0.0889601930975914,-0.234950169920921,0.137808412313461
"367",0,1,1,113.8412281,67.6068368,0.1,5,41.7,48.3,21.9,12.2,0,38.75286917,77.68404908,28.7,36.7,41,305,12202,0,0,0,367,2016,0.186890661716461,-0.141264989972115,0.394611418247223
"368",0,0,0,114.2512295,67.56314306,0.77926513,6.2,41.5,50.1,21.5,9.8,0.179587,40.45718433,78.68736768,23.7,40.3,41,349,12202,0,0,0,368,2017,-0.660449326038361,-0.0942511409521103,-0.543716907501221
"369",0,0,0,115.3103998,69.289046,0.892475985,6.2,43.7,51.5,20,7.8,0.2075919,38.35227273,76.16361072,18.4,49,41,393,12202,0,0,0,369,2018,-0.735211908817291,-0.122245438396931,-0.638534545898438
"370",0,0,0,56.8168635,35.09869015,0.77926513,3.9,55.7,42.4,15.3,7.4,0.3614458,33.76044568,62.4742268,22,48.6,42,42,12203,0,0,0,370,2010,-0.883730351924896,-0.140675216913223,-0.671284258365631
"371",0,0,0,60.57520988,36.19103378,1.571741115,2.7,57.1,45.7,14.8,7.7,0.7344633,39.11704312,70.88372093,22.3,47.2,42,86,12203,0,0,0,371,2011,-0.615517795085907,-0.0727133303880692,-0.465465545654297
"372",0,2,2,65.56356052,38.63788353,1.345319405,3.5,52.3,45,15.5,6.6,0.5741127,42.20314735,73.93483709,22.8,45.7,42,130,12203,0,0,0,372,2012,1.37678551673889,-0.0460494086146355,1.65341246128082
"373",0,0,0,68.46773727,40.9099583,1.68495197,4.1,56.5,45.7,17.1,3.9,0.6996502,40.10294806,72.19882056,23.7,45.4,42,174,12203,0,0,0,373,2013,-0.481163114309311,-0.0431041866540909,-0.358633399009705
"374",0,0,0,81.69028316,46.32798274,1.23210855,7,54.2,48.9,21.3,7.7,0.4187605,37.08877873,68.24212272,26.7,42.2,42,218,12203,0,0,0,374,2014,-0.619691610336304,-0.0863412022590637,-0.504458427429199
"375",2,0,2,78.20527106,48.99330122,1.23210855,5.8,55.3,48.2,21.1,8.4,0.4374453,38.48920863,71.09634551,24.3,43.1,42,262,12203,0,0,0,375,2015,1.15864956378937,3.02557349205017,-0.494701534509659
"376",0,0,0,79.87944354,50.50073544,0.666054275,5.4,56.4,48.1,24.1,8,0.2141328,39.21742997,71.70731707,26,43.2,42,306,12203,0,0,0,376,2016,-0.594801723957062,-0.0736749172210693,-0.471852719783783
"377",0,0,0,78.51277213,49.99825736,0.1,4.7,56.6,50.4,22.9,6.5,0,40.12623986,73.61455749,23.5,46.6,42,350,12203,0,0,0,377,2017,-0.490329444408417,-0.0549976155161858,-0.404140174388885
"378",1,0,1,77.69276929,49.38654493,0.1,4.6,57,50.9,20.7,6.8,0,43.82826476,78.58861267,23,47.5,42,394,12203,0,0,0,378,2018,0.909265875816345,2.22673273086548,-0.328322768211365
"379",0,2,2,210.2257292,123.1197405,44.81828774,2.2,48.5,48.2,10.8,1.6,6.4227642,14.18042453,63.0406291,16.5,56.7,43,43,12300,0,0,0,379,2010,-1.26391923427582,-1.14239621162415,-1.04956614971161
"380",0,3,3,233.014975,139.0242638,39.27095584,3.2,48.6,50.3,10.5,4.4,5.0755464,15.50695825,73.98373984,19.4,55,43,87,12300,0,0,0,380,2011,-0.956108868122101,-1.16747725009918,-0.789918959140778
"381",1,0,1,237.4566571,142.9785478,32.70472625,1.9,53,51,7,3.6,4.1456744,12.60881775,69.6124031,19.4,55.4,43,131,12300,0,0,0,381,2012,-1.74845159053802,-0.368300020694733,-2.19930171966553
"382",0,5,5,238.9599956,144.7699914,31.00656342,2.4,51.5,50.1,8.5,4.2,3.9050207,13.88966676,73.26440177,19.1,58.1,43,175,12300,0,0,0,382,2013,-0.738052070140839,-1.29742550849915,-0.584225535392761
"383",1,1,2,251.5333726,146.8235974,65.98871763,2,52.2,50.3,8.2,4.2,7.9086832,12.16730038,64,18.7,59,43,219,12300,0,0,0,383,2014,-1.73065519332886,-0.739124953746796,-1.9218715429306
"384",0,3,3,255.0525515,151.3677469,51.04488477,2.1,52.8,48.4,8.3,6.2,6.0305548,12.53125868,74.42244224,16.4,58.3,43,263,12300,0,0,0,384,2015,-1.66522526741028,-1.64628827571869,-1.43867075443268
"385",1,2,3,268.172597,160.5215866,43.00691406,2.4,52.5,47.6,11,5,4.8304869,11.26077586,74.11347518,16.2,60.4,43,307,12300,0,0,0,385,2016,-1.79368543624878,-0.941460430622101,-1.84614372253418
"386",0,2,2,285.0168221,166.0269985,69.15862157,3.2,50.4,48.5,14.8,4.5,7.3150258,11.53338612,76.26527051,17.1,60.5,43,351,12300,0,0,0,386,2017,-2.06058931350708,-1.74392032623291,-1.84059250354767
"387",1,2,3,301.5535462,173.6078634,78.66833339,3.5,49.9,49.1,14.7,4.6,7.8658053,10.31059063,64.90384615,16.7,61.6,43,395,12300,0,0,0,387,2018,-1.94217669963837,-1.16051137447357,-2.00302219390869
"388",0,0,0,0.1,0.1,0.1,0,0,0,0,0,0,0,0,0,0,44,44,980100,0,0,0,388,2010,-0.153616890311241,-0.00663169054314494,-0.0363295637071133
"389",12,0,12,0.1,0.1,0.1,0,0,0,0,0,0,0,0,0,0,44,88,980100,0,0,0,389,2011,5.07851076126099,8.37930297851562,-0.0363295637071133
"390",0,2,2,0.1,0.1,0.1,0,0,0,0,0,0,0,0,0,0,44,132,980100,0,0,0,390,2012,2.58746194839478,-0.00663169054314494,3.43035840988159
"391",0,1,1,0.1,0.1,0.1,0,0,0,0,0,0,0,0,0,0,44,176,980100,0,0,0,391,2013,1.57176291942596,-0.00663169054314494,2.00973200798035
"392",0,1,1,0.1,0.1,0.1,0,0,0,0,0,0,0,0,0,0,44,220,980100,0,0,0,392,2014,1.57176291942596,-0.00663169054314494,2.00973200798035
"393",0,0,0,0.1,0.1,0.1,0,0,0,0,0,0,0,0,0,0,44,264,980100,0,0,0,393,2015,-0.153616890311241,-0.00663169054314494,-0.0363295637071133
"394",0,0,0,0.1,0.1,0.1,0,0,0,0,0,0,0,0,0,0,44,308,980100,0,0,0,394,2016,-0.153616890311241,-0.00663169054314494,-0.0363295637071133
"395",0,0,0,0.1,0.1,0.1,0,0,0,0,0,0,0,0,0,0,44,352,980100,0,0,0,395,2017,-0.153616890311241,-0.00663169054314494,-0.0363295637071133
"396",0,3,3,0.1,0.1,0.1,0,0,0,0,0,0,0,0,0,0,44,396,980100,0,0,0,396,2018,3.21041440963745,-0.00663169054314494,4.30184268951416
